experiment,step,epoch,token_avg_loss,loss,eval_loss,grad_norm,learning_rate,total_tokens,eval_runtime,eval_samples_per_second,eval_steps_per_second,train_runtime,train_samples_per_second,train_steps_per_second,total_flos,train_loss
sft_esm3_mlp_combined_qwen3_8b_it_0302_201516,1,1.0,3.7186,,,,,4928,,,,64.3914,3.106,0.016,389583128756224.0,7.605481147766113
sft_esm3_mlp_long_qwen3_8b_it_0302_175459,10,0.014566642388929352,4.2934,16.8999,,4.848777770996094,1.08e-05,149424,,,,,,,,
sft_esm3_mlp_long_qwen3_8b_it_0302_175459,20,0.029133284777858703,3.7295,14.818,,4.52830171585083,2.2800000000000002e-05,139419,,,,,,,,
sft_esm3_mlp_long_qwen3_8b_it_0302_175459,30,0.043699927166788055,3.5009,13.4454,,3.1906893253326416,3.48e-05,142134,,,,,,,,
sft_esm3_mlp_long_qwen3_8b_it_0302_175459,40,0.05826656955571741,3.1693,12.1992,,2.486513137817383,4.6800000000000006e-05,146957,,,,,,,,
sft_esm3_mlp_long_qwen3_8b_it_0302_175459,50,0.07283321194464676,2.7845,10.5511,,2.4263978004455566,5.88e-05,136710,,,,,,,,
sft_esm3_mlp_long_qwen3_8b_it_0302_175459,60,0.08739985433357611,2.7063,10.0557,,1.104242205619812,7.08e-05,148347,,,,,,,,
sft_esm3_mlp_long_qwen3_8b_it_0302_175459,70,0.10196649672250546,2.5456,9.2348,,1.998091459274292,8.28e-05,144696,,,,,,,,
sft_esm3_mlp_long_qwen3_8b_it_0302_175459,80,0.11653313911143481,2.2591,8.5814,,2.764787197113037,9.48e-05,137291,,,,,,,,
sft_esm3_mlp_long_qwen3_8b_it_0302_175459,90,0.13109978150036417,2.318,8.8023,,1.814286470413208,0.00010680000000000001,147909,,,,,,,,
sft_esm3_mlp_long_qwen3_8b_it_0302_175459,100,0.14566642388929352,2.1403,7.9862,,1.5276070833206177,0.0001188,136284,,,,,,,,
sft_esm3_mlp_long_qwen3_8b_it_0302_175459,110,0.16023306627822287,2.1673,8.1422,,1.1590051651000977,0.00011999891844817782,141280,,,,,,,,
sft_esm3_mlp_long_qwen3_8b_it_0302_175459,120,0.17479970866715222,2.2984,7.6869,,1.122206449508667,0.0001199951798005805,146207,,,,,,,,
sft_esm3_mlp_long_qwen3_8b_it_0302_175459,130,0.18936635105608157,1.9211,7.2952,,1.148011326789856,0.0001199887708710775,134546,,,,,,,,
sft_esm3_mlp_long_qwen3_8b_it_0302_175459,140,0.20393299344501092,2.2918,8.0591,,1.0861811637878418,0.00011997969194491926,150805,,,,,,,,
sft_esm3_mlp_long_qwen3_8b_it_0302_175459,150,0.21849963583394028,2.0707,7.3476,,0.9498274922370911,0.00011996794342619306,144414,,,,,,,,
sft_esm3_mlp_long_qwen3_8b_it_0302_175459,160,0.23306627822286963,1.9253,7.3878,,1.228639006614685,0.00011995352583780523,138183,,,,,,,,
sft_esm3_mlp_long_qwen3_8b_it_0302_175459,170,0.24763292061179898,1.9751,7.6972,,1.0098278522491455,0.00011993643982145774,141786,,,,,,,,
sft_esm3_mlp_long_qwen3_8b_it_0302_175459,180,0.26219956300072833,1.9296,7.0976,,1.3009216785430908,0.00011991668613761967,137963,,,,,,,,
sft_esm3_mlp_long_qwen3_8b_it_0302_175459,190,0.2767662053896577,2.0583,7.5895,,0.8360059261322021,0.0001198942656654934,142184,,,,,,,,
sft_esm3_mlp_long_qwen3_8b_it_0302_175459,200,0.29133284777858703,2.1616,7.4341,,0.8112307190895081,0.00011986917940297547,148228,,,,,,,,
sft_esm3_mlp_long_qwen3_8b_it_0302_175459,210,0.3058994901675164,1.8918,6.9296,,1.3043326139450073,0.0001198414284666121,136105,,,,,,,,
sft_esm3_mlp_long_qwen3_8b_it_0302_175459,220,0.32046613255644574,2.1203,7.6496,,0.9323130249977112,0.00011981101409154959,148435,,,,,,,,
sft_esm3_mlp_long_qwen3_8b_it_0302_175459,230,0.3350327749453751,1.9413,7.2799,,0.9773746728897095,0.0001197779376314793,141642,,,,,,,,
sft_esm3_mlp_long_qwen3_8b_it_0302_175459,240,0.34959941733430444,2.09,7.3523,,1.091644048690796,0.00011974220055857733,141072,,,,,,,,
sft_esm3_mlp_long_qwen3_8b_it_0302_175459,250,0.3641660597232338,1.9734,7.6629,,1.113488793373108,0.00011970380446343914,145922,,,,,,,,
sft_esm3_mlp_long_qwen3_8b_it_0302_175459,250,0.3641660597232338,2.4309,,2.082263708114624,,,578030,313.1782,75.181,0.588,,,,,
sft_esm3_mlp_long_qwen3_8b_it_0302_175459,260,0.37873270211216314,2.0587,7.1775,,1.5632743835449219,0.00011966275105500867,143407,,,,,,,,
sft_esm3_mlp_long_qwen3_8b_it_0302_175459,270,0.3932993445010925,2.1051,7.4728,,0.9045689702033997,0.00011961904216050224,144381,,,,,,,,
sft_esm3_mlp_long_qwen3_8b_it_0302_175459,280,0.40786598689002185,2.0966,7.3811,,0.859853982925415,0.00011957267972532735,149035,,,,,,,,
sft_esm3_mlp_long_qwen3_8b_it_0302_175459,290,0.4224326292789512,1.96,7.2136,,1.0536073446273804,0.00011952366581299594,139103,,,,,,,,
sft_esm3_mlp_long_qwen3_8b_it_0302_175459,300,0.43699927166788055,2.0276,7.4488,,0.9952293038368225,0.00011947200260503266,141967,,,,,,,,
sft_esm3_mlp_long_qwen3_8b_it_0302_175459,310,0.4515659140568099,2.0911,7.3078,,0.8547531962394714,0.00011941769240087772,145298,,,,,,,,
sft_esm3_mlp_long_qwen3_8b_it_0302_175459,320,0.46613255644573925,1.8563,7.0357,,0.9608721137046814,0.00011936073761778461,134036,,,,,,,,
sft_esm3_mlp_long_qwen3_8b_it_0302_175459,330,0.4806991988346686,2.2021,7.4761,,0.8341725468635559,0.00011930114079071237,148582,,,,,,,,
sft_esm3_mlp_long_qwen3_8b_it_0302_175459,340,0.49526584122359796,2.0275,7.0962,,0.9651427268981934,0.00011923890457221294,143035,,,,,,,,
sft_esm3_mlp_long_qwen3_8b_it_0302_175459,350,0.5098324836125273,2.0953,6.987,,1.362591028213501,0.00011917403173231302,141302,,,,,,,,
sft_esm3_mlp_long_qwen3_8b_it_0302_175459,360,0.5243991260014567,2.1039,7.58,,0.8696445226669312,0.0001191065251583907,147913,,,,,,,,
sft_esm3_mlp_long_qwen3_8b_it_0302_175459,370,0.538965768390386,2.0149,7.0585,,1.1408679485321045,0.0001190363878550471,141282,,,,,,,,
sft_esm3_mlp_long_qwen3_8b_it_0302_175459,380,0.5535324107793154,2.1131,7.3451,,0.8905695080757141,0.00011896362294397253,143517,,,,,,,,
sft_esm3_mlp_long_qwen3_8b_it_0302_175459,390,0.5680990531682447,2.0381,7.4719,,0.8109285831451416,0.0001188882336638076,146704,,,,,,,,
sft_esm3_mlp_long_qwen3_8b_it_0302_175459,400,0.5826656955571741,1.9878,7.326,,1.0243055820465088,0.00011881022336999906,137039,,,,,,,,
sft_esm3_mlp_long_qwen3_8b_it_0302_175459,410,0.5972323379461034,2.1147,7.6699,,1.1301409006118774,0.00011872959553465044,147990,,,,,,,,
sft_esm3_mlp_long_qwen3_8b_it_0302_175459,420,0.6117989803350328,1.9531,6.9647,,0.8988171219825745,0.00011864635374636751,138892,,,,,,,,
sft_esm3_mlp_long_qwen3_8b_it_0302_175459,430,0.6263656227239621,1.9298,6.9854,,1.2378809452056885,0.00011856050171009864,135790,,,,,,,,
sft_esm3_mlp_long_qwen3_8b_it_0302_175459,440,0.6409322651128915,2.0622,7.4384,,0.911776065826416,0.00011847204324696978,146320,,,,,,,,
sft_esm3_mlp_long_qwen3_8b_it_0302_175459,450,0.6554989075018208,1.9535,7.0377,,1.064475417137146,0.00011838098229411445,139936,,,,,,,,
sft_esm3_mlp_long_qwen3_8b_it_0302_175459,460,0.6700655498907502,2.076,7.3168,,1.1482914686203003,0.00011828732290449846,142902,,,,,,,,
sft_esm3_mlp_long_qwen3_8b_it_0302_175459,470,0.6846321922796795,2.0947,7.2643,,0.9012219905853271,0.00011819106924673963,148740,,,,,,,,
sft_esm3_mlp_long_qwen3_8b_it_0302_175459,480,0.6991988346686089,1.8126,6.8602,,0.9745467901229858,0.00011809222560492213,137568,,,,,,,,
sft_esm3_mlp_long_qwen3_8b_it_0302_175459,490,0.7137654770575382,1.9908,7.42,,0.9780014157295227,0.00011799079637840589,139926,,,,,,,,
sft_esm3_mlp_long_qwen3_8b_it_0302_175459,500,0.7283321194464676,2.0231,7.2051,,0.994036078453064,0.00011788678608163066,144598,,,,,,,,
sft_esm3_mlp_long_qwen3_8b_it_0302_175459,500,0.7283321194464676,2.378,,2.043976306915283,,,579006,308.8706,76.229,0.596,,,,,
sft_esm3_mlp_long_qwen3_8b_it_0303_004216,1,1.0,4.2542,,,,,8303,,,,80.6395,2.381,0.012,531381138489344.0,8.599300384521484
sft_lora_esm3_qwen3_8b_it_0225_203237,10,0.014566642388929352,4.3394,17.2888,,4.883839130401611,1.8e-05,,,,,,,,,
sft_lora_esm3_qwen3_8b_it_0225_203237,20,0.029133284777858703,3.8089,15.1885,,5.577815532684326,3.8e-05,,,,,,,,,
sft_lora_esm3_qwen3_8b_it_0225_203237,30,0.043699927166788055,3.4237,13.046,,2.6636650562286377,5.8e-05,,,,,,,,,
sft_lora_esm3_qwen3_8b_it_0225_203237,40,0.05826656955571741,2.9782,11.5244,,11.983203887939453,7.800000000000001e-05,,,,,,,,,
sft_lora_esm3_qwen3_8b_it_0225_203237,50,0.07283321194464676,2.5895,9.7727,,2.809257745742798,9.8e-05,,,,,,,,,
sft_lora_esm3_qwen3_8b_it_0225_203237,60,0.08739985433357611,2.6064,9.6079,,1.3703343868255615,0.000118,,,,,,,,,
sft_lora_esm3_qwen3_8b_it_0225_203237,70,0.10196649672250546,2.4279,8.707,,2.4102935791015625,0.000138,,,,,,,,,
sft_lora_esm3_qwen3_8b_it_0225_203237,80,0.11653313911143481,2.1002,7.9066,,1.7697142362594604,0.00015800000000000002,,,,,,,,,
sft_lora_esm3_qwen3_8b_it_0225_203237,90,0.13109978150036417,2.1849,8.2337,,1.0626862049102783,0.00017800000000000002,,,,,,,,,
sft_lora_esm3_qwen3_8b_it_0225_203237,100,0.14566642388929352,2.0481,7.5799,,1.1263121366500854,0.00019800000000000002,,,,,,,,,
sft_lora_esm3_qwen3_8b_it_0225_203237,110,0.16023306627822287,2.1073,7.8516,,1.356477975845337,0.00019998960577634193,,,,,,,,,
sft_lora_esm3_qwen3_8b_it_0225_203237,120,0.17479970866715222,2.2494,7.454,,0.9885070323944092,0.00019995367790078894,,,,,,,,,
sft_lora_esm3_qwen3_8b_it_0225_203237,130,0.18936635105608157,1.8812,7.138,,1.1119827032089233,0.00019989209726815836,,,,,,,,,
sft_lora_esm3_qwen3_8b_it_0225_203237,140,0.20393299344501092,2.2652,7.9398,,0.8776888251304626,0.00019980487968290127,,,,,,,,,
sft_lora_esm3_qwen3_8b_it_0225_203237,150,0.21849963583394028,2.0456,7.2499,,0.8276727199554443,0.0001996920475291017,,,,,,,,,
sft_lora_esm3_qwen3_8b_it_0225_203237,160,0.23306627822286963,1.9058,7.3071,,0.8486970663070679,0.00019955362976473192,,,,,,,,,
sft_lora_esm3_qwen3_8b_it_0225_203237,170,0.24763292061179898,1.9584,7.6279,,0.8255951404571533,0.00019938966191422047,,,,,,,,,
sft_lora_esm3_qwen3_8b_it_0225_203237,180,0.26219956300072833,1.9131,7.0361,,0.7528141140937805,0.0001992001860593348,,,,,,,,,
sft_lora_esm3_qwen3_8b_it_0225_203237,190,0.2767662053896577,2.0455,7.5349,,0.7407864332199097,0.00019898525082838144,,,,,,,,,
sft_lora_esm3_qwen3_8b_it_0225_203237,200,0.29133284777858703,2.1516,7.3868,,1.0327825546264648,0.00019874491138372537,,,,,,,,,
sft_lora_esm3_qwen3_8b_it_0225_203237,210,0.3058994901675164,1.8782,6.8823,,0.9794560670852661,0.000198479229407633,,,,,,,,,
sft_lora_esm3_qwen3_8b_it_0225_203237,220,0.32046613255644574,2.1119,7.5987,,0.8242937922477722,0.00019818827308644164,,,,,,,,,
sft_lora_esm3_qwen3_8b_it_0225_203237,230,0.3350327749453751,1.9281,7.2383,,0.8428199291229248,0.00019787211709305956,,,,,,,,,
sft_lora_esm3_qwen3_8b_it_0225_203237,240,0.34959941733430444,2.08,7.3107,,0.8023257851600647,0.0001975308425678017,,,,,,,,,
sft_lora_esm3_qwen3_8b_it_0225_203237,250,0.3641660597232338,1.9627,7.6195,,0.7568378448486328,0.00019716453709756504,,,,,,,,,
sft_lora_esm3_qwen3_8b_it_0225_203237,250,0.3641660597232338,2.4222,,2.0732221603393555,,,,,,,,,,,
sft_lora_esm3_qwen3_8b_it_0225_203237,260,0.37873270211216314,2.0488,7.1422,,0.8389149308204651,0.0001967732946933499,,,,,,,,,
sft_lora_esm3_qwen3_8b_it_0225_203237,270,0.3932993445010925,2.0976,7.4403,,0.8006082773208618,0.0001963572157661323,,,,,,,,,
sft_lora_esm3_qwen3_8b_it_0225_203237,280,0.40786598689002185,2.0871,7.3516,,0.6742063760757446,0.00019591640710109377,,,,,,,,,
sft_lora_esm3_qwen3_8b_it_0225_203237,290,0.4224326292789512,1.9531,7.1867,,0.8056687116622925,0.00019545098183021553,,,,,,,,,
sft_lora_esm3_qwen3_8b_it_0225_203237,300,0.43699927166788055,2.0199,7.4214,,0.836158812046051,0.00019496105940324326,,,,,,,,,
sft_lora_esm3_qwen3_8b_it_0225_203237,310,0.4515659140568099,2.0846,7.2865,,0.6949750781059265,0.00019444676555703102,,,,,,,,,
sft_lora_esm3_qwen3_8b_it_0225_203237,320,0.46613255644573925,1.8503,7.012,,0.8094105124473572,0.00019390823228327108,,,,,,,,,
sft_lora_esm3_qwen3_8b_it_0225_203237,330,0.4806991988346686,2.1956,7.4502,,0.6860751509666443,0.00019334559779461905,,,,,,,,,
sft_lora_esm3_qwen3_8b_it_0225_203237,340,0.49526584122359796,2.0212,7.0736,,0.802157998085022,0.0001927590064892217,,,,,,,,,
sft_lora_esm3_qwen3_8b_it_0225_203237,350,0.5098324836125273,2.0889,6.9646,,0.8498139381408691,0.00019214860891365808,,,,,,,,,
sft_lora_esm3_qwen3_8b_it_0225_203237,360,0.5243991260014567,2.0987,7.5554,,0.7430828809738159,0.00019151456172430183,,,,,,,,,
sft_lora_esm3_qwen3_8b_it_0225_203237,370,0.538965768390386,2.0094,7.0383,,0.784559965133667,0.00019085702764711643,,,,,,,,,
sft_lora_esm3_qwen3_8b_it_0225_203237,380,0.5535324107793154,2.1065,7.3264,,0.7028278708457947,0.0001901761754358916,,,,,,,,,
sft_lora_esm3_qwen3_8b_it_0225_203237,390,0.5680990531682447,2.032,7.4527,,0.6818233132362366,0.00018947217982893366,,,,,,,,,
sft_lora_esm3_qwen3_8b_it_0225_203237,400,0.5826656955571741,1.9821,7.3069,,0.7746176719665527,0.00018874522150421925,,,,,,,,,
sft_lora_esm3_qwen3_8b_it_0225_203237,410,0.5972323379461034,2.1106,7.6535,,0.937810480594635,0.00018799548703302526,,,,,,,,,
sft_lora_esm3_qwen3_8b_it_0225_203237,420,0.6117989803350328,1.9477,6.9491,,0.7086126208305359,0.00018722316883204574,,,,,,,,,
sft_lora_esm3_qwen3_8b_it_0225_203237,430,0.6263656227239621,1.9257,6.9693,,0.8346068859100342,0.00018642846511400898,,,,,,,,,
sft_lora_esm3_qwen3_8b_it_0225_203237,440,0.6409322651128915,2.0576,7.4194,,0.751101553440094,0.0001856115798368068,,,,,,,,,
sft_lora_esm3_qwen3_8b_it_0225_203237,450,0.6554989075018208,1.9486,7.0232,,0.7811772227287292,0.00018477272265114957,,,,,,,,,
sft_lora_esm3_qwen3_8b_it_0225_203237,460,0.6700655498907502,2.0714,7.3031,,0.8999417424201965,0.00018391210884676008,,,,,,,,,
sft_lora_esm3_qwen3_8b_it_0225_203237,470,0.6846321922796795,2.09,7.2501,,0.7226758003234863,0.0001830299592971202,,,,,,,,,
sft_lora_esm3_qwen3_8b_it_0225_203237,480,0.6991988346686089,1.809,6.8537,,0.7195171117782593,0.00018212650040278443,,,,,,,,,
sft_lora_esm3_qwen3_8b_it_0225_203237,490,0.7137654770575382,1.9861,7.4039,,0.8948387503623962,0.00018120196403327506,,,,,,,,,
sft_lora_esm3_qwen3_8b_it_0225_203237,500,0.7283321194464676,2.0193,7.1918,,0.8016918897628784,0.00018025658746757367,,,,,,,,,
sft_lora_esm3_qwen3_8b_it_0225_203237,500,0.7283321194464676,2.3741,,2.0409328937530518,,,,,,,,,,,
sft_lora_esm3_qwen3_8b_it_0225_203237,510,0.7428987618353969,2.0043,7.2,,0.8909761309623718,0.00017929061333322427,,,,,,,,,
sft_lora_esm3_qwen3_8b_it_0225_203237,520,0.7574654042243263,1.9959,7.2721,,0.8498202562332153,0.00017830428954406392,,,,,,,,,
sft_lora_esm3_qwen3_8b_it_0225_203237,530,0.7720320466132556,1.9583,7.2607,,0.8186842799186707,0.00017729786923659634,,,,,,,,,
sft_lora_esm3_qwen3_8b_it_0225_203237,540,0.786598689002185,1.8445,7.0243,,0.8030294179916382,0.0001762716107050255,,,,,,,,,
sft_lora_esm3_qwen3_8b_it_0225_203237,550,0.8011653313911143,2.1332,7.526,,1.1255872249603271,0.0001752257773349653,,,,,,,,,
sft_lora_esm3_qwen3_8b_it_0225_203237,560,1.001456664238893,2.0817,7.5788,,1.3192479610443115,0.00017416063753584237,,,,,,,,,
sft_lora_esm3_qwen3_8b_it_0225_203237,570,1.0160233066278224,1.9482,7.2285,,1.0457037687301636,0.00017307646467201008,,,,,,,,,
sft_lora_esm3_qwen3_8b_it_0225_203237,580,1.0305899490167516,1.9302,7.0284,,0.8906469941139221,0.00017197353699259036,,,,,,,,,
sft_lora_esm3_qwen3_8b_it_0225_203237,590,1.045156591405681,2.1079,7.4166,,0.990550696849823,0.00017085213756006198,,,,,,,,,
sft_lora_esm3_qwen3_8b_it_0225_203237,600,1.0597232337946103,2.0143,7.2491,,0.8411230444908142,0.00016971255417761371,,,,,,,,,
sft_lora_esm3_qwen3_8b_it_0225_203237,610,1.0742898761835398,2.0191,7.2446,,0.7568877339363098,0.00016855507931528064,,,,,,,,,
sft_lora_esm3_qwen3_8b_it_0225_203237,620,1.088856518572469,2.0068,7.1396,,0.9923708438873291,0.0001673800100348827,,,,,,,,,
sft_lora_esm3_qwen3_8b_it_0225_203237,630,1.1034231609613985,2.02,6.9656,,0.8809366226196289,0.0001661876479137848,,,,,,,,,
sft_lora_esm3_qwen3_8b_it_0225_203237,640,1.1179898033503277,1.9973,7.2932,,1.230200171470642,0.00016497829896749825,,,,,,,,,
sft_lora_esm3_qwen3_8b_it_0225_203237,650,1.1325564457392572,1.8439,7.1353,,0.8767349123954773,0.00016375227357114265,,,,,,,,,
sft_lora_esm3_qwen3_8b_it_0225_203237,660,1.1471230881281864,1.9899,7.1985,,0.9384778141975403,0.00016250988637978955,,,,,,,,,
sft_lora_esm3_qwen3_8b_it_0225_203237,670,1.1616897305171159,1.923,7.2136,,0.7495748400688171,0.00016125145624770702,,,,,,,,,
sft_lora_esm3_qwen3_8b_it_0225_203237,680,1.1762563729060451,2.1096,6.9185,,0.8658473491668701,0.00015997730614652713,,,,,,,,,
sft_lora_esm3_qwen3_8b_it_0225_203237,690,1.1908230152949746,1.9358,7.2236,,1.0959267616271973,0.0001586877630823562,,,,,,,,,
sft_lora_esm3_qwen3_8b_it_0225_203237,700,1.2053896576839038,2.0148,7.1629,,0.7199931740760803,0.00015738315801184998,,,,,,,,,
sft_lora_esm3_qwen3_8b_it_0225_203237,710,1.2199563000728333,1.9595,6.8026,,0.9079074263572693,0.00015606382575727472,,,,,,,,,
sft_lora_esm3_qwen3_8b_it_0225_203237,720,1.2345229424617625,1.8509,7.2762,,0.9284186959266663,0.00015473010492057627,,,,,,,,,
sft_lora_esm3_qwen3_8b_it_0225_203237,730,1.249089584850692,1.8045,7.0706,,1.0248831510543823,0.0001533823377964791,,,,,,,,,
sft_lora_esm3_qwen3_8b_it_0225_203237,740,1.2636562272396212,1.949,6.8715,,1.09312105178833,0.00015202087028463743,,,,,,,,,
sft_lora_esm3_qwen3_8b_it_0225_203237,750,1.2782228696285507,1.899,7.2023,,0.9626550078392029,0.00015064605180086153,,,,,,,,,
sft_lora_esm3_qwen3_8b_it_0225_203237,750,1.2782228696285507,2.4034,,2.0215253829956055,,,,,,,,,,,
sft_lora_esm3_qwen3_8b_it_0225_203237,760,1.29278951201748,2.0545,6.9628,,0.7817862033843994,0.00014925823518744126,,,,,,,,,
sft_lora_esm3_qwen3_8b_it_0225_203237,770,1.3073561544064094,1.9831,7.1078,,1.4157705307006836,0.0001478577766225904,,,,,,,,,
sft_lora_esm3_qwen3_8b_it_0225_203237,780,1.3219227967953386,1.8776,6.9368,,0.8851209282875061,0.0001464450355290347,,,,,,,,,
sft_lora_esm3_qwen3_8b_it_0225_203237,790,1.336489439184268,1.8791,6.8772,,0.8886717557907104,0.00014502037448176734,,,,,,,,,
sft_lora_esm3_qwen3_8b_it_0225_203237,800,1.3510560815731973,2.0229,7.407,,1.3399115800857544,0.00014358415911499544,,,,,,,,,
sft_lora_esm3_qwen3_8b_it_0225_203237,810,1.3656227239621268,1.8414,7.0139,,0.9274613261222839,0.00014213675802830116,,,,,,,,,
sft_lora_esm3_qwen3_8b_it_0225_203237,820,1.380189366351056,1.9979,6.8854,,0.7655405402183533,0.0001406785426920421,,,,,,,,,
sft_lora_esm3_qwen3_8b_it_0225_203237,830,1.3947560087399855,2.0442,7.3931,,0.8826671838760376,0.00013920988735201465,,,,,,,,,
sft_lora_esm3_qwen3_8b_it_0225_203237,840,1.4093226511289147,1.9633,6.8915,,0.8692143559455872,0.00013773116893340517,,,,,,,,,
sft_lora_esm3_qwen3_8b_it_0225_203237,850,1.4238892935178442,1.977,7.0366,,0.9274516701698303,0.00013624276694405345,,,,,,,,,
sft_lora_esm3_qwen3_8b_it_0225_203237,860,1.4384559359067735,1.9702,7.2193,,1.0890690088272095,0.00013474506337705333,,,,,,,,,
sft_lora_esm3_qwen3_8b_it_0225_203237,870,1.453022578295703,1.9572,6.9514,,1.009541392326355,0.00013323844261271564,,,,,,,,,
sft_lora_esm3_qwen3_8b_it_0225_203237,880,1.4675892206846322,1.9298,7.0635,,1.0873162746429443,0.00013172329131991832,,,,,,,,,
sft_lora_esm3_qwen3_8b_it_0225_203237,890,1.4821558630735616,1.9721,6.8854,,1.1497869491577148,0.0001301999983568691,,,,,,,,,
sft_lora_esm3_qwen3_8b_it_0225_203237,900,1.4967225054624909,1.9562,6.7405,,1.0821276903152466,0.00012866895467130658,,,,,,,,,
sft_lora_esm3_qwen3_8b_it_0225_203237,910,1.51128914785142,2.1664,7.2513,,1.082902193069458,0.00012713055320016486,,,,,,,,,
sft_lora_esm3_qwen3_8b_it_0225_203237,920,1.5258557902403496,1.8767,6.9176,,0.9513543844223022,0.00012558518876872748,,,,,,,,,
sft_lora_esm3_qwen3_8b_it_0225_203237,930,1.540422432629279,1.9408,6.7523,,1.0718783140182495,0.00012403325798929717,,,,,,,,,
sft_lora_esm3_qwen3_8b_it_0225_203237,940,1.5549890750182083,2.0681,7.285,,1.6702196598052979,0.00012247515915940664,,,,,,,,,
sft_lora_esm3_qwen3_8b_it_0225_203237,950,1.5695557174071375,1.9152,7.0593,,1.1109275817871094,0.00012091129215959674,,,,,,,,,
sft_lora_esm3_qwen3_8b_it_0225_203237,960,1.584122359796067,1.9735,7.2329,,0.8307268023490906,0.00011934205835078873,,,,,,,,,
sft_lora_esm3_qwen3_8b_it_0225_203237,970,1.5986890021849964,2.0059,7.2307,,1.0232528448104858,0.00011776786047127648,,,,,,,,,
sft_lora_esm3_qwen3_8b_it_0225_203237,980,1.6132556445739257,1.8363,6.6112,,1.345300555229187,0.00011618910253336488,,,,,,,,,
sft_lora_esm3_qwen3_8b_it_0225_203237,990,1.627822286962855,1.8696,7.1197,,1.5716675519943237,0.00011460618971968165,,,,,,,,,
sft_lora_esm3_qwen3_8b_it_0225_203237,1000,1.6423889293517844,2.0072,6.8544,,1.0481414794921875,0.00011301952827918874,,,,,,,,,
sft_lora_esm3_qwen3_8b_it_0225_203237,1000,1.6423889293517844,2.2915,,1.992855191230774,,,,,,,,,,,
sft_lora_esm3_qwen3_8b_it_0225_203237,1010,1.6569555717407138,1.8067,6.7114,,1.283886194229126,0.00011142952542291975,,,,,,,,,
sft_lora_esm3_qwen3_8b_it_0225_203237,1020,1.671522214129643,2.0405,7.2719,,1.190016508102417,0.00010983658921947095,,,,,,,,,
sft_lora_esm3_qwen3_8b_it_0225_203237,1030,1.6860888565185723,1.9538,6.8373,,1.1286513805389404,0.00010824112849027161,,,,,,,,,
sft_lora_esm3_qwen3_8b_it_0225_203237,1040,1.7006554989075018,1.8293,6.8091,,1.1361569166183472,0.00010664355270466169,,,,,,,,,
sft_lora_esm3_qwen3_8b_it_0225_203237,1050,1.7152221412964312,1.9159,7.0737,,1.4578757286071777,0.00010504427187480286,,,,,,,,,
sft_lora_esm3_qwen3_8b_it_0225_203237,1060,1.7297887836853605,1.8646,6.8196,,1.185805082321167,0.0001034436964504503,,,,,,,,,
sft_lora_esm3_qwen3_8b_it_0225_203237,1070,1.7443554260742897,2.0001,7.1244,,1.0600202083587646,0.0001018422372136123,,,,,,,,,
sft_lora_esm3_qwen3_8b_it_0225_203237,1080,1.7589220684632192,1.8748,6.9019,,1.2401401996612549,0.00010024030517312453,,,,,,,,,
sft_lora_esm3_qwen3_8b_it_0225_203237,1090,1.7734887108521487,1.829,6.8676,,1.3304574489593506,9.863831145916601e-05,,,,,,,,,
sft_lora_esm3_qwen3_8b_it_0225_203237,1100,1.788055353241078,1.9501,7.0962,,1.3063522577285767,9.703666721774402e-05,,,,,,,,,
sft_lora_esm3_qwen3_8b_it_0225_203237,1110,1.8026219956300071,1.9753,7.0424,,1.0759121179580688,9.543578350517503e-05,,,,,,,,,
sft_lora_esm3_qwen3_8b_it_0225_203237,1120,2.002913328477786,1.9669,7.3667,,0.9659914374351501,9.383607118258833e-05,,,,,,,,,
sft_lora_esm3_qwen3_8b_it_0225_203237,1130,2.0174799708667153,1.8565,6.841,,1.2305833101272583,9.223794081048032e-05,,,,,,,,,
sft_lora_esm3_qwen3_8b_it_0225_203237,1140,2.0320466132556447,2.053,7.1327,,1.8746066093444824,9.064180254334524e-05,,,,,,,,,
sft_lora_esm3_qwen3_8b_it_0225_203237,1150,2.0466132556445737,1.8437,6.8484,,1.28221595287323,8.904806602441076e-05,,,,,,,,,
sft_lora_esm3_qwen3_8b_it_0225_203237,1160,2.061179898033503,1.9361,6.9933,,1.2010554075241089,8.745714028050427e-05,,,,,,,,,
sft_lora_esm3_qwen3_8b_it_0225_203237,1170,2.0757465404224327,1.9581,7.1248,,1.1332448720932007,8.586943361707789e-05,,,,,,,,,
sft_lora_esm3_qwen3_8b_it_0225_203237,1180,2.090313182811362,1.931,6.732,,1.1951967477798462,8.428535351341803e-05,,,,,,,,,
sft_lora_esm3_qwen3_8b_it_0225_203237,1190,2.104879825200291,2.023,6.9422,,1.3808844089508057,8.270530651806736e-05,,,,,,,,,
sft_lora_esm3_qwen3_8b_it_0225_203237,1200,2.1194464675892206,1.8695,6.9053,,1.1756112575531006,8.112969814448576e-05,,,,,,,,,
sft_lora_esm3_qwen3_8b_it_0225_203237,1210,2.13401310997815,1.768,6.8063,,1.1603147983551025,7.95589327669764e-05,,,,,,,,,
sft_lora_esm3_qwen3_8b_it_0225_203237,1220,2.1485797523670795,1.926,7.2149,,1.3126384019851685,7.799341351690473e-05,,,,,,,,,
sft_lora_esm3_qwen3_8b_it_0225_203237,1230,2.1631463947560086,1.832,6.7462,,1.2871078252792358,7.643354217923618e-05,,,,,,,,,
sft_lora_esm3_qwen3_8b_it_0225_203237,1240,2.177713037144938,2.0797,6.7783,,1.3843789100646973,7.487971908941957e-05,,,,,,,,,
sft_lora_esm3_qwen3_8b_it_0225_203237,1250,2.1922796795338675,1.8623,6.9935,,1.4876415729522705,7.333234303064231e-05,,,,,,,,,
sft_lora_esm3_qwen3_8b_it_0225_203237,1250,2.1922796795338675,2.2612,,1.9746441841125488,,,,,,,,,,,
sft_lora_esm3_qwen3_8b_it_0225_203237,1260,2.206846321922797,1.9107,6.7522,,1.8119456768035889,7.179181113148403e-05,,,,,,,,,
sft_lora_esm3_qwen3_8b_it_0225_203237,1270,2.221412964311726,1.9793,7.0542,,1.988726019859314,7.025851876399527e-05,,,,,,,,,
sft_lora_esm3_qwen3_8b_it_0225_203237,1280,2.2359796067006554,1.6269,6.5966,,1.2956738471984863,6.873285944222625e-05,,,,,,,,,
sft_lora_esm3_qwen3_8b_it_0225_203237,1290,2.250546249089585,1.7616,6.8265,,1.2409418821334839,6.721522472123314e-05,,,,,,,,,
sft_lora_esm3_qwen3_8b_it_0225_203237,1300,2.2651128914785144,1.9436,6.9509,,2.112131118774414,6.570600409658676e-05,,,,,,,,,
sft_lora_esm3_qwen3_8b_it_0225_203237,1310,2.2796795338674434,1.8113,6.6875,,1.5428810119628906,6.420558490440995e-05,,,,,,,,,
sft_lora_esm3_qwen3_8b_it_0225_203237,1320,2.294246176256373,1.9586,6.7856,,1.4671430587768555,6.271435222196916e-05,,,,,,,,,
sft_lora_esm3_qwen3_8b_it_0225_203237,1330,2.3088128186453023,1.9371,6.9032,,1.3481251001358032,6.123268876884553e-05,,,,,,,,,
sft_lora_esm3_qwen3_8b_it_0225_203237,1340,2.3233794610342318,1.7435,6.5632,,1.1397954225540161,5.9760974808711525e-05,,,,,,,,,
sft_lora_esm3_qwen3_8b_it_0225_203237,1350,2.337946103423161,1.9488,7.0203,,1.5256484746932983,5.829958805173755e-05,,,,,,,,,
sft_lora_esm3_qwen3_8b_it_0225_203237,1360,2.3525127458120902,1.8207,6.885,,1.1074484586715698,5.684890355765384e-05,,,,,,,,,
sft_lora_esm3_qwen3_8b_it_0225_203237,1370,2.3670793882010197,1.7801,6.6868,,1.5796785354614258,5.540929363949281e-05,,,,,,,,,
sft_lora_esm3_qwen3_8b_it_0225_203237,1380,2.381646030589949,2.0875,7.0797,,1.424835443496704,5.398112776803631e-05,,,,,,,,,
sft_lora_esm3_qwen3_8b_it_0225_203237,1390,2.396212672978878,1.825,6.8008,,1.4052788019180298,5.2564772476992095e-05,,,,,,,,,
sft_lora_esm3_qwen3_8b_it_0225_203237,1400,2.4107793153678077,1.9119,6.6277,,1.2784645557403564,5.1160591268924295e-05,,,,,,,,,
sft_lora_esm3_qwen3_8b_it_0225_203237,1410,2.425345957756737,2.0008,7.1371,,1.2429633140563965,4.976894452196196e-05,,,,,,,,,
sft_lora_esm3_qwen3_8b_it_0225_203237,1420,2.4399126001456666,1.8573,6.7701,,1.6847976446151733,4.8390189397308935e-05,,,,,,,,,
sft_lora_esm3_qwen3_8b_it_0225_203237,1430,2.4544792425345956,1.9127,6.774,,1.54481041431427,4.702467974758009e-05,,,,,,,,,
sft_lora_esm3_qwen3_8b_it_0225_203237,1440,2.469045884923525,1.878,6.9436,,1.311297059059143,4.567276602598595e-05,,,,,,,,,
sft_lora_esm3_qwen3_8b_it_0225_203237,1450,2.4836125273124545,1.8525,6.4454,,1.1417980194091797,4.4334795196390424e-05,,,,,,,,,
sft_lora_esm3_qwen3_8b_it_0225_203237,1460,2.498179169701384,1.999,6.7108,,1.587618350982666,4.301111064426352e-05,,,,,,,,,
sft_lora_esm3_qwen3_8b_it_0225_203237,1470,2.512745812090313,2.0854,7.0207,,1.181430697441101,4.170205208855281e-05,,,,,,,,,
sft_lora_esm3_qwen3_8b_it_0225_203237,1480,2.5273124544792425,1.7858,6.6026,,1.2038124799728394,4.040795549449573e-05,,,,,,,,,
sft_lora_esm3_qwen3_8b_it_0225_203237,1490,2.541879096868172,2.048,6.9994,,1.6696738004684448,3.9129152987395367e-05,,,,,,,,,
sft_lora_esm3_qwen3_8b_it_0225_203237,1500,2.5564457392571014,1.7937,6.6088,,1.1682413816452026,3.786597276738153e-05,,,,,,,,,
sft_lora_esm3_qwen3_8b_it_0225_203237,1500,2.5564457392571014,2.2721,,1.9604785442352295,,,,,,,,,,,
sft_lora_esm3_qwen3_8b_it_0225_203237,1510,2.571012381646031,1.862,6.8676,,1.2897298336029053,3.6618739025179425e-05,,,,,,,,,
sft_lora_esm3_qwen3_8b_it_0225_203237,1520,2.58557902403496,1.9803,7.2665,,1.2691823244094849,3.538777185890737e-05,,,,,,,,,
sft_lora_esm3_qwen3_8b_it_0225_203237,1530,2.6001456664238893,1.907,6.8289,,1.7295241355895996,3.4173387191924525e-05,,,,,,,,,
sft_lora_esm3_qwen3_8b_it_0225_203237,1540,2.614712308812819,1.8482,6.706,,2.0389533042907715,3.297589669175041e-05,,,,,,,,,
sft_lora_esm3_qwen3_8b_it_0225_203237,1550,2.629278951201748,1.776,6.7205,,1.334242820739746,3.17956076900766e-05,,,,,,,,,
sft_lora_esm3_qwen3_8b_it_0225_203237,1560,2.6438455935906773,1.9236,6.5485,,1.071548342704773,3.0632823103890975e-05,,,,,,,,,
sft_lora_esm3_qwen3_8b_it_0225_203237,1570,2.6584122359796067,1.8916,6.998,,1.7115424871444702,2.9487841357735324e-05,,,,,,,,,
sft_lora_esm3_qwen3_8b_it_0225_203237,1580,2.672978878368536,1.8822,6.6755,,1.7872052192687988,2.8360956307115595e-05,,,,,,,,,
sft_lora_esm3_qwen3_8b_it_0225_203237,1590,2.6875455207574657,1.8833,6.5852,,0.8898496627807617,2.7252457163084945e-05,,,,,,,,,
sft_lora_esm3_qwen3_8b_it_0225_203237,1600,2.7021121631463947,1.8476,6.9066,,1.7476590871810913,2.6162628418018907e-05,,,,,,,,,
sft_lora_esm3_qwen3_8b_it_0225_203237,1610,2.716678805535324,1.7844,6.6958,,0.8734822869300842,2.5091749772601224e-05,,,,,,,,,
sft_lora_esm3_qwen3_8b_it_0225_203237,1620,2.7312454479242536,1.8488,6.5936,,1.3248662948608398,2.404009606403973e-05,,,,,,,,,
sft_lora_esm3_qwen3_8b_it_0225_203237,1630,2.7458120903131826,2.0121,7.1266,,1.5512001514434814,2.300793719553046e-05,,,,,,,,,
sft_lora_esm3_qwen3_8b_it_0225_203237,1640,2.760378732702112,1.7525,6.6591,,1.6863172054290771,2.1995538066987787e-05,,,,,,,,,
sft_lora_esm3_qwen3_8b_it_0225_203237,1650,2.7749453750910416,1.8601,6.7523,,1.2378360033035278,2.1003158507058883e-05,,,,,,,,,
sft_lora_esm3_qwen3_8b_it_0225_203237,1660,2.789512017479971,1.9274,7.065,,1.0703353881835938,2.00310532064396e-05,,,,,,,,,
sft_lora_esm3_qwen3_8b_it_0225_203237,1670,2.8040786598689005,1.8481,6.6294,,1.629245400428772,1.9079471652509097e-05,,,,,,,,,
sft_lora_esm3_qwen3_8b_it_0225_203237,1677,2.814275309541151,1.8769,,,,,,,,,,,,,
sft_lora_esm3_qwen3_8b_it_0225_203237,1677,2.814275309541151,2.2957,,1.9515460729599,,,,,,,,,,,
sft_lora_esm3_qwen3_8b_it_0225_203237,1677,,,,,,,,,,,,,,,
sft_lora_esm3_qwen3_8b_it_0226_151416,10,0.014566642388929352,4.2054,16.681,,4.304638862609863,1.8e-05,,,,,,,,,
sft_lora_esm3_qwen3_8b_it_0226_151416,20,0.029133284777858703,3.626,14.2745,,4.569825649261475,3.8e-05,,,,,,,,,
sft_lora_esm3_qwen3_8b_it_0226_151416,30,0.043699927166788055,3.3202,12.5357,,2.371715784072876,5.8e-05,,,,,,,,,
sft_lora_esm3_qwen3_8b_it_0226_151416,40,0.05826656955571741,2.9355,11.1417,,6.9203572273254395,7.800000000000001e-05,,,,,,,,,
sft_lora_esm3_qwen3_8b_it_0226_151416,50,0.07283321194464676,2.5516,9.5481,,2.33758282661438,9.8e-05,,,,,,,,,
sft_lora_esm3_qwen3_8b_it_0226_151416,60,0.08739985433357611,2.5828,9.514,,1.334328532218933,0.000118,,,,,,,,,
sft_lora_esm3_qwen3_8b_it_0226_151416,70,0.10196649672250546,2.4148,8.6782,,2.5646512508392334,0.000138,,,,,,,,,
sft_lora_esm3_qwen3_8b_it_0226_151416,80,0.11653313911143481,2.0934,7.9141,,2.1409754753112793,0.00015800000000000002,,,,,,,,,
sft_lora_esm3_qwen3_8b_it_0226_151416,90,0.13109978150036417,2.1821,8.2452,,1.137153148651123,0.00017800000000000002,,,,,,,,,
sft_lora_esm3_qwen3_8b_it_0226_151416,100,0.14566642388929352,2.0481,7.5887,,1.1162618398666382,0.00019800000000000002,,,,,,,,,
sft_lora_esm3_qwen3_8b_it_0226_151416,110,0.16023306627822287,2.1052,7.8537,,0.850380539894104,0.00019998960577634193,,,,,,,,,
sft_lora_esm3_qwen3_8b_it_0226_151416,120,0.17479970866715222,2.2471,7.4533,,0.8866166472434998,0.00019995367790078894,,,,,,,,,
sft_lora_esm3_qwen3_8b_it_0226_151416,130,0.18936635105608157,1.8789,7.1399,,0.9795470237731934,0.00019989209726815836,,,,,,,,,
sft_lora_esm3_qwen3_8b_it_0226_151416,140,0.20393299344501092,2.2642,7.9409,,0.8351092338562012,0.00019980487968290127,,,,,,,,,
sft_lora_esm3_qwen3_8b_it_0226_151416,150,0.21849963583394028,2.0454,7.2515,,0.940725564956665,0.0001996920475291017,,,,,,,,,
sft_lora_esm3_qwen3_8b_it_0226_151416,160,0.23306627822286963,1.905,7.3066,,0.9550369381904602,0.00019955362976473192,,,,,,,,,
sft_lora_esm3_qwen3_8b_it_0226_151416,170,0.24763292061179898,1.9575,7.6271,,0.8566144704818726,0.00019938966191422047,,,,,,,,,
sft_lora_esm3_qwen3_8b_it_0226_151416,180,0.26219956300072833,1.9129,7.0343,,0.7869303226470947,0.0001992001860593348,,,,,,,,,
sft_lora_esm3_qwen3_8b_it_0226_151416,190,0.2767662053896577,2.0449,7.5335,,0.7534834742546082,0.00019898525082838144,,,,,,,,,
sft_lora_esm3_qwen3_8b_it_0226_151416,200,0.29133284777858703,2.1498,7.3826,,0.7350845336914062,0.00019874491138372537,,,,,,,,,
sft_lora_esm3_qwen3_8b_it_0226_151416,210,0.3058994901675164,1.876,6.8771,,0.8525264859199524,0.000198479229407633,,,,,,,,,
sft_lora_esm3_qwen3_8b_it_0226_151416,220,0.32046613255644574,2.1101,7.5943,,0.7859275937080383,0.00019818827308644164,,,,,,,,,
sft_lora_esm3_qwen3_8b_it_0226_151416,230,0.3350327749453751,1.9279,7.2365,,0.8067145347595215,0.00019787211709305956,,,,,,,,,
sft_lora_esm3_qwen3_8b_it_0226_151416,240,0.34959941733430444,2.0777,7.3038,,0.769483745098114,0.0001975308425678017,,,,,,,,,
sft_lora_esm3_qwen3_8b_it_0226_151416,250,0.3641660597232338,1.9601,7.6124,,0.7483454942703247,0.00019716453709756504,,,,,,,,,
sft_lora_esm3_qwen3_8b_it_0226_151416,250,0.3641660597232338,2.4205,,2.071481227874756,,,,,,,,,,,
sft_lora_esm3_qwen3_8b_it_0226_151416,260,0.37873270211216314,2.0453,7.13,,0.8715669512748718,0.0001967732946933499,,,,,,,,,
sft_lora_esm3_qwen3_8b_it_0226_151416,270,0.3932993445010925,2.0957,7.4327,,0.8053070306777954,0.0001963572157661323,,,,,,,,,
sft_lora_esm3_qwen3_8b_it_0226_151416,280,0.40786598689002185,2.0848,7.3426,,0.7352779507637024,0.00019591640710109377,,,,,,,,,
sft_lora_esm3_qwen3_8b_it_0226_151416,290,0.4224326292789512,1.95,7.1772,,0.8098064064979553,0.00019545098183021553,,,,,,,,,
sft_lora_esm3_qwen3_8b_it_0226_151416,300,0.43699927166788055,2.0178,7.4134,,0.8338233232498169,0.00019496105940324326,,,,,,,,,
sft_lora_esm3_qwen3_8b_it_0226_151416,310,0.4515659140568099,2.0823,7.2786,,0.7513986229896545,0.00019444676555703102,,,,,,,,,
sft_lora_esm3_qwen3_8b_it_0226_151416,320,0.46613255644573925,1.848,7.0026,,0.7885470986366272,0.00019390823228327108,,,,,,,,,
sft_lora_esm3_qwen3_8b_it_0226_151416,330,0.4806991988346686,2.1934,7.4425,,0.7125797867774963,0.00019334559779461905,,,,,,,,,
sft_lora_esm3_qwen3_8b_it_0226_151416,340,0.49526584122359796,2.0183,7.0652,,0.8113521933555603,0.0001927590064892217,,,,,,,,,
sft_lora_esm3_qwen3_8b_it_0226_151416,350,0.5098324836125273,2.086,6.9553,,0.8479132652282715,0.00019214860891365808,,,,,,,,,
sft_lora_esm3_qwen3_8b_it_0226_151416,360,0.5243991260014567,2.0954,7.5464,,0.8032904267311096,0.00019151456172430183,,,,,,,,,
sft_lora_esm3_qwen3_8b_it_0226_151416,370,0.538965768390386,2.0072,7.0289,,0.9730746150016785,0.00019085702764711643,,,,,,,,,
sft_lora_esm3_qwen3_8b_it_0226_151416,380,0.5535324107793154,2.1028,7.3163,,0.8059207201004028,0.0001901761754358916,,,,,,,,,
sft_lora_esm3_qwen3_8b_it_0226_151416,390,0.5680990531682447,2.0288,7.4422,,0.6823610663414001,0.00018947217982893366,,,,,,,,,
sft_lora_esm3_qwen3_8b_it_0226_151416,400,0.5826656955571741,1.98,7.2984,,0.8579463362693787,0.00018874522150421925,,,,,,,,,
sft_lora_esm3_qwen3_8b_it_0226_151416,410,0.5972323379461034,2.1087,7.6429,,0.958664059638977,0.00018799548703302526,,,,,,,,,
sft_lora_esm3_qwen3_8b_it_0226_151416,420,0.6117989803350328,1.9438,6.937,,0.7879905104637146,0.00018722316883204574,,,,,,,,,
sft_lora_esm3_qwen3_8b_it_0226_151416,430,0.6263656227239621,1.9218,6.9578,,0.8576208353042603,0.00018642846511400898,,,,,,,,,
sft_lora_esm3_qwen3_8b_it_0226_151416,440,0.6409322651128915,2.0543,7.4068,,0.7560681104660034,0.0001856115798368068,,,,,,,,,
sft_lora_esm3_qwen3_8b_it_0226_151416,450,0.6554989075018208,1.9459,7.0091,,0.9277392029762268,0.00018477272265114957,,,,,,,,,
sft_lora_esm3_qwen3_8b_it_0226_151416,460,0.6700655498907502,2.0674,7.2883,,0.9581929445266724,0.00018391210884676008,,,,,,,,,
sft_lora_esm3_qwen3_8b_it_0226_151416,470,0.6846321922796795,2.0859,7.2357,,0.7499222159385681,0.0001830299592971202,,,,,,,,,
sft_lora_esm3_qwen3_8b_it_0226_151416,480,0.6991988346686089,1.8042,6.8308,,0.7294648289680481,0.00018212650040278443,,,,,,,,,
sft_lora_esm3_qwen3_8b_it_0226_151416,490,0.7137654770575382,1.9806,7.3879,,0.8683412671089172,0.00018120196403327506,,,,,,,,,
sft_lora_esm3_qwen3_8b_it_0226_151416,500,0.7283321194464676,2.0154,7.174,,0.8486531376838684,0.00018025658746757367,,,,,,,,,
sft_lora_esm3_qwen3_8b_it_0226_151416,500,0.7283321194464676,2.3687,,2.036121368408203,,,,,,,,,,,
sft_lora_esm3_qwen3_8b_it_0226_151416,510,0.7428987618353969,1.9991,7.1807,,0.8748131394386292,0.00017929061333322427,,,,,,,,,
sft_lora_esm3_qwen3_8b_it_0226_151416,520,0.7574654042243263,1.9905,7.2515,,0.8481789231300354,0.00017830428954406392,,,,,,,,,
sft_lora_esm3_qwen3_8b_it_0226_151416,530,0.7720320466132556,1.9526,7.2398,,0.9145693778991699,0.00017729786923659634,,,,,,,,,
sft_lora_esm3_qwen3_8b_it_0226_151416,540,0.786598689002185,1.8377,7.0026,,0.7503318190574646,0.0001762716107050255,,,,,,,,,
sft_lora_esm3_qwen3_8b_it_0226_151416,550,0.8011653313911143,2.1295,7.5065,,1.4794745445251465,0.0001752257773349653,,,,,,,,,
sft_lora_esm3_qwen3_8b_it_0226_151416,560,1.001456664238893,2.0772,7.5562,,1.3616893291473389,0.00017416063753584237,,,,,,,,,
sft_lora_esm3_qwen3_8b_it_0226_151416,570,1.0160233066278224,1.9422,7.2061,,0.9541915059089661,0.00017307646467201008,,,,,,,,,
sft_lora_esm3_qwen3_8b_it_0226_151416,580,1.0305899490167516,1.9235,7.0063,,0.9324789643287659,0.00017197353699259036,,,,,,,,,
sft_lora_esm3_qwen3_8b_it_0226_151416,590,1.045156591405681,2.1033,7.3948,,0.9936547875404358,0.00017085213756006198,,,,,,,,,
sft_lora_esm3_qwen3_8b_it_0226_151416,600,1.0597232337946103,2.0082,7.2258,,0.8401332497596741,0.00016971255417761371,,,,,,,,,
sft_lora_esm3_qwen3_8b_it_0226_151416,610,1.0742898761835398,2.0147,7.2221,,0.8679714202880859,0.00016855507931528064,,,,,,,,,
sft_lora_esm3_qwen3_8b_it_0226_151416,620,1.088856518572469,2.0016,7.1155,,0.913837194442749,0.0001673800100348827,,,,,,,,,
sft_lora_esm3_qwen3_8b_it_0226_151416,630,1.1034231609613985,2.0142,6.9407,,0.8486775159835815,0.0001661876479137848,,,,,,,,,
sft_lora_esm3_qwen3_8b_it_0226_151416,640,1.1179898033503277,1.9914,7.268,,1.1741012334823608,0.00016497829896749825,,,,,,,,,
sft_lora_esm3_qwen3_8b_it_0226_151416,650,1.1325564457392572,1.8377,7.1099,,0.8297558426856995,0.00016375227357114265,,,,,,,,,
sft_lora_esm3_qwen3_8b_it_0226_151416,660,1.1471230881281864,1.9833,7.1746,,0.9933953881263733,0.00016250988637978955,,,,,,,,,
sft_lora_esm3_qwen3_8b_it_0226_151416,670,1.1616897305171159,1.9157,7.1872,,0.8164260983467102,0.00016125145624770702,,,,,,,,,
sft_lora_esm3_qwen3_8b_it_0226_151416,680,1.1762563729060451,2.1039,6.8922,,0.9702407717704773,0.00015997730614652713,,,,,,,,,
sft_lora_esm3_qwen3_8b_it_0226_151416,690,1.1908230152949746,1.9289,7.1979,,1.138363242149353,0.0001586877630823562,,,,,,,,,
sft_lora_esm3_qwen3_8b_it_0226_151416,700,1.2053896576839038,2.0075,7.1335,,0.8416363000869751,0.00015738315801184998,,,,,,,,,
sft_lora_esm3_qwen3_8b_it_0226_151416,710,1.2199563000728333,1.9542,6.7754,,0.9242973923683167,0.00015606382575727472,,,,,,,,,
sft_lora_esm3_qwen3_8b_it_0226_151416,720,1.2345229424617625,1.844,7.2479,,0.9593613743782043,0.00015473010492057627,,,,,,,,,
sft_lora_esm3_qwen3_8b_it_0226_151416,730,1.249089584850692,1.7966,7.0408,,0.9202809929847717,0.0001533823377964791,,,,,,,,,
sft_lora_esm3_qwen3_8b_it_0226_151416,740,1.2636562272396212,1.9419,6.8414,,1.1013039350509644,0.00015202087028463743,,,,,,,,,
sft_lora_esm3_qwen3_8b_it_0226_151416,750,1.2782228696285507,1.8919,7.1728,,0.9356868267059326,0.00015064605180086153,,,,,,,,,
sft_lora_esm3_qwen3_8b_it_0226_151416,750,1.2782228696285507,2.3991,,2.0143396854400635,,,,,,,,,,,
sft_lora_esm3_qwen3_8b_it_0226_151416,760,1.29278951201748,2.0478,6.9316,,0.8069455623626709,0.00014925823518744126,,,,,,,,,
sft_lora_esm3_qwen3_8b_it_0226_151416,770,1.3073561544064094,1.9751,7.0761,,1.0559135675430298,0.0001478577766225904,,,,,,,,,
sft_lora_esm3_qwen3_8b_it_0226_151416,780,1.3219227967953386,1.8691,6.9048,,0.9042268991470337,0.0001464450355290347,,,,,,,,,
sft_lora_esm3_qwen3_8b_it_0226_151416,790,1.336489439184268,1.872,6.8444,,1.0825388431549072,0.00014502037448176734,,,,,,,,,
sft_lora_esm3_qwen3_8b_it_0226_151416,800,1.3510560815731973,2.0162,7.3742,,1.655361533164978,0.00014358415911499544,,,,,,,,,
sft_lora_esm3_qwen3_8b_it_0226_151416,810,1.3656227239621268,1.8326,6.9798,,0.9092283844947815,0.00014213675802830116,,,,,,,,,
sft_lora_esm3_qwen3_8b_it_0226_151416,820,1.380189366351056,1.9896,6.8517,,0.7765288352966309,0.0001406785426920421,,,,,,,,,
sft_lora_esm3_qwen3_8b_it_0226_151416,830,1.3947560087399855,2.0353,7.3606,,0.9137867093086243,0.00013920988735201465,,,,,,,,,
sft_lora_esm3_qwen3_8b_it_0226_151416,840,1.4093226511289147,1.9559,6.8583,,0.8575562238693237,0.00013773116893340517,,,,,,,,,
sft_lora_esm3_qwen3_8b_it_0226_151416,850,1.4238892935178442,1.9702,7.0015,,0.9797360897064209,0.00013624276694405345,,,,,,,,,
sft_lora_esm3_qwen3_8b_it_0226_151416,860,1.4384559359067735,1.9616,7.1835,,1.2590008974075317,0.00013474506337705333,,,,,,,,,
sft_lora_esm3_qwen3_8b_it_0226_151416,870,1.453022578295703,1.9484,6.9162,,1.0717624425888062,0.00013323844261271564,,,,,,,,,
sft_lora_esm3_qwen3_8b_it_0226_151416,880,1.4675892206846322,1.9223,7.0303,,1.1057921648025513,0.00013172329131991832,,,,,,,,,
sft_lora_esm3_qwen3_8b_it_0226_151416,890,1.4821558630735616,1.9648,6.8495,,1.1996803283691406,0.0001301999983568691,,,,,,,,,
sft_lora_esm3_qwen3_8b_it_0226_151416,900,1.4967225054624909,1.9474,6.7059,,1.117262363433838,0.00012866895467130658,,,,,,,,,
sft_lora_esm3_qwen3_8b_it_0226_151416,910,1.51128914785142,2.158,7.2127,,1.1506472826004028,0.00012713055320016486,,,,,,,,,
sft_lora_esm3_qwen3_8b_it_0226_151416,920,1.5258557902403496,1.8694,6.8852,,1.06505286693573,0.00012558518876872748,,,,,,,,,
sft_lora_esm3_qwen3_8b_it_0226_151416,930,1.540422432629279,1.934,6.7203,,1.1738654375076294,0.00012403325798929717,,,,,,,,,
sft_lora_esm3_qwen3_8b_it_0226_151416,940,1.5549890750182083,2.0605,7.2488,,1.340360164642334,0.00012247515915940664,,,,,,,,,
sft_lora_esm3_qwen3_8b_it_0226_151416,950,1.5695557174071375,1.907,7.0234,,1.1353808641433716,0.00012091129215959674,,,,,,,,,
sft_lora_esm3_qwen3_8b_it_0226_151416,960,1.584122359796067,1.9653,7.2022,,0.9479548335075378,0.00011934205835078873,,,,,,,,,
sft_lora_esm3_qwen3_8b_it_0226_151416,970,1.5986890021849964,1.9993,7.1992,,1.0847240686416626,0.00011776786047127648,,,,,,,,,
sft_lora_esm3_qwen3_8b_it_0226_151416,980,1.6132556445739257,1.8268,6.5743,,1.5419833660125732,0.00011618910253336488,,,,,,,,,
sft_lora_esm3_qwen3_8b_it_0226_151416,990,1.627822286962855,1.8619,7.0879,,1.3800809383392334,0.00011460618971968165,,,,,,,,,
sft_lora_esm3_qwen3_8b_it_0226_151416,1000,1.6423889293517844,2.0007,6.8194,,1.2582091093063354,0.00011301952827918874,,,,,,,,,
sft_lora_esm3_qwen3_8b_it_0226_151416,1000,1.6423889293517844,2.2855,,1.9854615926742554,,,,,,,,,,,
sft_lora_esm3_qwen3_8b_it_0226_151416,1010,1.6569555717407138,1.8025,6.6817,,1.7620152235031128,0.00011142952542291975,,,,,,,,,
sft_lora_esm3_qwen3_8b_it_0226_151416,1020,1.671522214129643,2.0359,7.2456,,1.143314242362976,0.00010983658921947095,,,,,,,,,
sft_lora_esm3_qwen3_8b_it_0226_151416,1030,1.6860888565185723,1.9493,6.8111,,1.203815221786499,0.00010824112849027161,,,,,,,,,
sft_lora_esm3_qwen3_8b_it_0226_151416,1040,1.7006554989075018,1.8237,6.7795,,1.0677056312561035,0.00010664355270466169,,,,,,,,,
sft_lora_esm3_qwen3_8b_it_0226_151416,1050,1.7152221412964312,1.9109,7.046,,1.591845989227295,0.00010504427187480286,,,,,,,,,
sft_lora_esm3_qwen3_8b_it_0226_151416,1060,1.7297887836853605,1.8579,6.7926,,1.1665290594100952,0.0001034436964504503,,,,,,,,,
sft_lora_esm3_qwen3_8b_it_0226_151416,1070,1.7443554260742897,1.9952,7.0949,,1.0292339324951172,0.0001018422372136123,,,,,,,,,
sft_lora_esm3_qwen3_8b_it_0226_151416,1080,1.7589220684632192,1.868,6.8729,,1.4436808824539185,0.00010024030517312453,,,,,,,,,
sft_lora_esm3_qwen3_8b_it_0226_151416,1090,1.7734887108521487,1.8208,6.8313,,1.2502840757369995,9.863831145916601e-05,,,,,,,,,
sft_lora_esm3_qwen3_8b_it_0226_151416,1100,1.788055353241078,1.9446,7.0646,,1.2568495273590088,9.703666721774402e-05,,,,,,,,,
sft_lora_esm3_qwen3_8b_it_0226_151416,1110,1.8026219956300071,1.9678,7.009,,1.0713144540786743,9.543578350517503e-05,,,,,,,,,
sft_lora_esm3_qwen3_8b_it_0226_151416,1120,2.002913328477786,1.9603,7.3323,,0.9918563365936279,9.383607118258833e-05,,,,,,,,,
sft_lora_esm3_qwen3_8b_it_0226_151416,1130,2.0174799708667153,1.8501,6.8116,,1.2270523309707642,9.223794081048032e-05,,,,,,,,,
sft_lora_esm3_qwen3_8b_it_0226_151416,1140,2.0320466132556447,2.0468,7.0966,,2.2568843364715576,9.064180254334524e-05,,,,,,,,,
sft_lora_esm3_qwen3_8b_it_0226_151416,1150,2.0466132556445737,1.8357,6.8122,,1.2338206768035889,8.904806602441076e-05,,,,,,,,,
sft_lora_esm3_qwen3_8b_it_0226_151416,1160,2.061179898033503,1.928,6.9553,,1.2238399982452393,8.745714028050427e-05,,,,,,,,,
sft_lora_esm3_qwen3_8b_it_0226_151416,1170,2.0757465404224327,1.9495,7.0906,,1.0543172359466553,8.586943361707789e-05,,,,,,,,,
sft_lora_esm3_qwen3_8b_it_0226_151416,1180,2.090313182811362,1.9241,6.6931,,1.1693543195724487,8.428535351341803e-05,,,,,,,,,
sft_lora_esm3_qwen3_8b_it_0226_151416,1190,2.104879825200291,2.0159,6.9048,,1.2162336111068726,8.270530651806736e-05,,,,,,,,,
sft_lora_esm3_qwen3_8b_it_0226_151416,1200,2.1194464675892206,1.8605,6.8641,,1.0992575883865356,8.112969814448576e-05,,,,,,,,,
sft_lora_esm3_qwen3_8b_it_0226_151416,1210,2.13401310997815,1.7586,6.7706,,1.1666253805160522,7.95589327669764e-05,,,,,,,,,
sft_lora_esm3_qwen3_8b_it_0226_151416,1220,2.1485797523670795,1.9194,7.1823,,1.4468793869018555,7.799341351690473e-05,,,,,,,,,
sft_lora_esm3_qwen3_8b_it_0226_151416,1230,2.1631463947560086,1.8226,6.7091,,1.174025535583496,7.643354217923618e-05,,,,,,,,,
sft_lora_esm3_qwen3_8b_it_0226_151416,1240,2.177713037144938,2.0716,6.7425,,1.3479610681533813,7.487971908941957e-05,,,,,,,,,
sft_lora_esm3_qwen3_8b_it_0226_151416,1250,2.1922796795338675,1.8549,6.9599,,1.4474252462387085,7.333234303064231e-05,,,,,,,,,
sft_lora_esm3_qwen3_8b_it_0226_151416,1250,2.1922796795338675,2.2535,,1.9649361371994019,,,,,,,,,,,
sft_lora_esm3_qwen3_8b_it_0226_151416,1260,2.206846321922797,1.9037,6.7158,,1.537717580795288,7.179181113148403e-05,,,,,,,,,
sft_lora_esm3_qwen3_8b_it_0226_151416,1270,2.221412964311726,1.9709,7.0192,,1.9760406017303467,7.025851876399527e-05,,,,,,,,,
sft_lora_esm3_qwen3_8b_it_0226_151416,1280,2.2359796067006554,1.6198,6.5601,,1.2403395175933838,6.873285944222625e-05,,,,,,,,,
sft_lora_esm3_qwen3_8b_it_0226_151416,1290,2.250546249089585,1.7532,6.791,,1.2665709257125854,6.721522472123314e-05,,,,,,,,,
sft_lora_esm3_qwen3_8b_it_0226_151416,1300,2.2651128914785144,1.9351,6.9128,,2.1147358417510986,6.570600409658676e-05,,,,,,,,,
sft_lora_esm3_qwen3_8b_it_0226_151416,1310,2.2796795338674434,1.8029,6.6527,,1.4010169506072998,6.420558490440995e-05,,,,,,,,,
sft_lora_esm3_qwen3_8b_it_0226_151416,1320,2.294246176256373,1.9495,6.7483,,1.4971566200256348,6.271435222196916e-05,,,,,,,,,
sft_lora_esm3_qwen3_8b_it_0226_151416,1330,2.3088128186453023,1.9288,6.865,,1.334192156791687,6.123268876884553e-05,,,,,,,,,
sft_lora_esm3_qwen3_8b_it_0226_151416,1340,2.3233794610342318,1.7353,6.5281,,1.1736527681350708,5.9760974808711525e-05,,,,,,,,,
sft_lora_esm3_qwen3_8b_it_0226_151416,1350,2.337946103423161,1.9425,6.9893,,1.5378042459487915,5.829958805173755e-05,,,,,,,,,
sft_lora_esm3_qwen3_8b_it_0226_151416,1360,2.3525127458120902,1.813,6.8492,,1.0770597457885742,5.684890355765384e-05,,,,,,,,,
sft_lora_esm3_qwen3_8b_it_0226_151416,1370,2.3670793882010197,1.7728,6.6522,,1.4978586435317993,5.540929363949281e-05,,,,,,,,,
sft_lora_esm3_qwen3_8b_it_0226_151416,1380,2.381646030589949,2.0783,7.0459,,1.4017901420593262,5.398112776803631e-05,,,,,,,,,
sft_lora_esm3_qwen3_8b_it_0226_151416,1390,2.396212672978878,1.8176,6.7659,,1.3970035314559937,5.2564772476992095e-05,,,,,,,,,
sft_lora_esm3_qwen3_8b_it_0226_151416,1400,2.4107793153678077,1.9041,6.5944,,1.3130899667739868,5.1160591268924295e-05,,,,,,,,,
sft_lora_esm3_qwen3_8b_it_0226_151416,1410,2.425345957756737,1.9943,7.1026,,1.1592652797698975,4.976894452196196e-05,,,,,,,,,
sft_lora_esm3_qwen3_8b_it_0226_151416,1420,2.4399126001456666,1.8484,6.7331,,1.5212384462356567,4.8390189397308935e-05,,,,,,,,,
sft_lora_esm3_qwen3_8b_it_0226_151416,1430,2.4544792425345956,1.9043,6.7406,,1.5753073692321777,4.702467974758009e-05,,,,,,,,,
sft_lora_esm3_qwen3_8b_it_0226_151416,1440,2.469045884923525,1.8702,6.9102,,1.3211877346038818,4.567276602598595e-05,,,,,,,,,
sft_lora_esm3_qwen3_8b_it_0226_151416,1450,2.4836125273124545,1.8451,6.4088,,1.108176827430725,4.4334795196390424e-05,,,,,,,,,
sft_lora_esm3_qwen3_8b_it_0226_151416,1460,2.498179169701384,1.9923,6.6771,,1.420077919960022,4.301111064426352e-05,,,,,,,,,
sft_lora_esm3_qwen3_8b_it_0226_151416,1470,2.512745812090313,2.0783,6.9849,,1.1716192960739136,4.170205208855281e-05,,,,,,,,,
sft_lora_esm3_qwen3_8b_it_0226_151416,1480,2.5273124544792425,1.778,6.5685,,1.2517309188842773,4.040795549449573e-05,,,,,,,,,
sft_lora_esm3_qwen3_8b_it_0226_151416,1490,2.541879096868172,2.0434,6.9665,,1.574759840965271,3.9129152987395367e-05,,,,,,,,,
sft_lora_esm3_qwen3_8b_it_0226_151416,1500,2.5564457392571014,1.7846,6.5731,,1.1599440574645996,3.786597276738153e-05,,,,,,,,,
sft_lora_esm3_qwen3_8b_it_0226_151416,1500,2.5564457392571014,2.2648,,1.9517956972122192,,,,,,,,,,,
sft_lora_esm3_qwen3_8b_it_0226_151416,1510,2.571012381646031,1.8544,6.8338,,1.3071820735931396,3.6618739025179425e-05,,,,,,,,,
sft_lora_esm3_qwen3_8b_it_0226_151416,1520,2.58557902403496,1.9724,7.2346,,1.3079336881637573,3.538777185890737e-05,,,,,,,,,
sft_lora_esm3_qwen3_8b_it_0226_151416,1530,2.6001456664238893,1.9001,6.7955,,1.6851364374160767,3.4173387191924525e-05,,,,,,,,,
sft_lora_esm3_qwen3_8b_it_0226_151416,1540,2.614712308812819,1.8406,6.6742,,2.037606716156006,3.297589669175041e-05,,,,,,,,,
sft_lora_esm3_qwen3_8b_it_0226_151416,1550,2.629278951201748,1.7665,6.6849,,1.3286734819412231,3.17956076900766e-05,,,,,,,,,
sft_lora_esm3_qwen3_8b_it_0226_151416,1560,2.6438455935906773,1.9192,6.515,,1.1184194087982178,3.0632823103890975e-05,,,,,,,,,
sft_lora_esm3_qwen3_8b_it_0226_151416,1570,2.6584122359796067,1.8852,6.9653,,1.7763433456420898,2.9487841357735324e-05,,,,,,,,,
sft_lora_esm3_qwen3_8b_it_0226_151416,1580,2.672978878368536,1.8751,6.6437,,1.7530319690704346,2.8360956307115595e-05,,,,,,,,,
sft_lora_esm3_qwen3_8b_it_0226_151416,1590,2.6875455207574657,1.8769,6.5536,,0.8686817288398743,2.7252457163084945e-05,,,,,,,,,
sft_lora_esm3_qwen3_8b_it_0226_151416,1600,2.7021121631463947,1.8416,6.8727,,1.8024789094924927,2.6162628418018907e-05,,,,,,,,,
sft_lora_esm3_qwen3_8b_it_0226_151416,1610,2.716678805535324,1.7773,6.6614,,0.8514877557754517,2.5091749772601224e-05,,,,,,,,,
sft_lora_esm3_qwen3_8b_it_0226_151416,1620,2.7312454479242536,1.8429,6.5625,,1.2538639307022095,2.404009606403973e-05,,,,,,,,,
sft_lora_esm3_qwen3_8b_it_0226_151416,1630,2.7458120903131826,2.0061,7.0936,,1.6210618019104004,2.300793719553046e-05,,,,,,,,,
sft_lora_esm3_qwen3_8b_it_0226_151416,1640,2.760378732702112,1.7446,6.6233,,1.734194278717041,2.1995538066987787e-05,,,,,,,,,
sft_lora_esm3_qwen3_8b_it_0226_151416,1650,2.7749453750910416,1.8527,6.7172,,1.315201997756958,2.1003158507058883e-05,,,,,,,,,
sft_lora_esm3_qwen3_8b_it_0226_151416,1660,2.789512017479971,1.9213,7.0297,,1.045578122138977,2.00310532064396e-05,,,,,,,,,
sft_lora_esm3_qwen3_8b_it_0226_151416,1670,2.8040786598689005,1.8408,6.5936,,1.5237945318222046,1.9079471652509097e-05,,,,,,,,,
sft_lora_esm3_qwen3_8b_it_0226_151416,1677,2.814275309541151,1.8692,,,,,,,,,,,,,
sft_lora_esm3_qwen3_8b_it_0226_151416,1677,2.814275309541151,2.288,,1.9421406984329224,,,,,,,,,,,
sft_lora_esm3_qwen3_8b_it_0226_151416,1677,,,,,,,,,,,,,,,
sft_text_qwen3_8b_it_0227_145821,10,0.011484352569623888,4.5376,18.1454,,3.816340446472168,1.8e-05,,,,,,,,,
sft_text_qwen3_8b_it_0227_145821,20,0.022968705139247775,4.4991,17.9101,,3.020667314529419,3.8e-05,,,,,,,,,
sft_text_qwen3_8b_it_0227_145821,30,0.034453057708871665,4.0221,15.594,,2.9991798400878906,5.8e-05,,,,,,,,,
sft_text_qwen3_8b_it_0227_145821,40,0.04593741027849555,3.8487,14.683,,0.9911268353462219,7.800000000000001e-05,,,,,,,,,
sft_text_qwen3_8b_it_0227_145821,50,0.05742176284811944,3.533,13.4692,,1.7624354362487793,9.8e-05,,,,,,,,,
sft_text_qwen3_8b_it_0227_145821,60,0.06890611541774333,3.579,13.5845,,0.9984031915664673,0.000118,,,,,,,,,
sft_text_qwen3_8b_it_0227_145821,70,0.08039046798736721,3.4705,12.9416,,0.6941990852355957,0.000138,,,,,,,,,
sft_text_qwen3_8b_it_0227_145821,80,0.0918748205569911,3.2594,12.449,,1.0626065731048584,0.00015800000000000002,,,,,,,,,
sft_text_qwen3_8b_it_0227_145821,90,0.10335917312661498,3.306,12.3319,,0.8446078896522522,0.00017800000000000002,,,,,,,,,
sft_text_qwen3_8b_it_0227_145821,100,0.11484352569623887,3.1336,11.7616,,1.5496530532836914,0.00019800000000000002,,,,,,,,,
sft_text_qwen3_8b_it_0227_145821,110,0.12632787826586275,3.1413,12.1389,,1.1258538961410522,0.0001999936705611274,,,,,,,,,
sft_text_qwen3_8b_it_0227_145821,120,0.13781223083548666,3.1412,11.8458,,0.9942501187324524,0.00019997179204800958,,,,,,,,,
sft_text_qwen3_8b_it_0227_145821,130,0.14929658340511054,2.9172,11.4568,,0.9108590483665466,0.00019993428973783068,,,,,,,,,
sft_text_qwen3_8b_it_0227_145821,140,0.16078093597473442,3.1344,11.9454,,1.3215534687042236,0.0001998811694915288,,,,,,,,,
sft_text_qwen3_8b_it_0227_145821,150,0.17226528854435832,3.0135,11.1461,,1.353407859802246,0.00019981243961084515,,,,,,,,,
sft_text_qwen3_8b_it_0227_145821,160,0.1837496411139822,3.2009,11.9888,,1.0845580101013184,0.0001997281108370267,,,,,,,,,
sft_text_qwen3_8b_it_0227_145821,170,0.19523399368360608,3.0286,11.6999,,1.766933560371399,0.00019962819634914756,,,,,,,,,
sft_text_qwen3_8b_it_0227_145821,180,0.20671834625322996,3.0336,11.3601,,1.105730652809143,0.0001995127117620491,,,,,,,,,
sft_text_qwen3_8b_it_0227_145821,190,0.21820269882285387,3.1716,11.7995,,1.449303388595581,0.00019938167512389984,,,,,,,,,
sft_text_qwen3_8b_it_0227_145821,200,0.22968705139247775,2.9843,11.2201,,1.366866946220398,0.00019923510691337488,,,,,,,,,
sft_text_qwen3_8b_it_0227_145821,210,0.24117140396210163,3.167,11.7225,,1.3761245012283325,0.00019907303003645525,,,,,,,,,
sft_text_qwen3_8b_it_0227_145821,220,0.2526557565317255,3.0507,11.2739,,1.8108783960342407,0.00019889546982284834,,,,,,,,,
sft_text_qwen3_8b_it_0227_145821,230,0.2641401091013494,3.0244,11.3366,,1.6387947797775269,0.00019870245402202908,,,,,,,,,
sft_text_qwen3_8b_it_0227_145821,240,0.2756244616709733,3.0776,11.6222,,1.435294270515442,0.0001984940127989034,,,,,,,,,
sft_text_qwen3_8b_it_0227_145821,250,0.2871088142405972,2.9201,10.6962,,1.9811415672302246,0.0001982701787290939,,,,,,,,,
sft_text_qwen3_8b_it_0227_145821,250,0.2871088142405972,2.9741,,2.806788921356201,,,,,,,,,,,
sft_text_qwen3_8b_it_0227_145821,260,0.2985931668102211,3.0862,11.5303,,1.7462834119796753,0.00019803098679384892,,,,,,,,,
sft_text_qwen3_8b_it_0227_145821,270,0.31007751937984496,3.1233,11.278,,2.0601179599761963,0.00019777647437457555,,,,,,,,,
sft_text_qwen3_8b_it_0227_145821,280,0.32156187194946884,2.8893,10.9296,,1.4486178159713745,0.00019750668124699755,,,,,,,,,
sft_text_qwen3_8b_it_0227_145821,290,0.3330462245190927,3.0268,11.4722,,1.6543262004852295,0.00019722164957493922,,,,,,,,,
sft_text_qwen3_8b_it_0227_145821,300,0.34453057708871665,2.8559,10.776,,1.8708370923995972,0.0001969214239037359,,,,,,,,,
sft_text_qwen3_8b_it_0227_145821,310,0.35601492965834053,2.9357,11.157,,1.9551924467086792,0.00019660605115327234,,,,,,,,,
sft_text_qwen3_8b_it_0227_145821,320,0.3674992822279644,2.894,11.1142,,1.5406196117401123,0.0001962755806106499,,,,,,,,,
sft_text_qwen3_8b_it_0227_145821,330,0.3789836347975883,2.7709,10.7799,,2.1054861545562744,0.00019593006392248395,,,,,,,,,
sft_text_qwen3_8b_it_0227_145821,340,0.39046798736721217,3.018,11.3805,,1.558320164680481,0.00019556955508683247,,,,,,,,,
sft_text_qwen3_8b_it_0227_145821,350,0.40195233993683605,2.9899,11.1385,,1.8649202585220337,0.00019519411044475695,,,,,,,,,
sft_text_qwen3_8b_it_0227_145821,360,0.4134366925064599,2.7881,10.7258,,2.6985745429992676,0.00019480378867151746,,,,,,,,,
sft_text_qwen3_8b_it_0227_145821,370,0.42492104507608386,2.8439,11.2027,,1.6949360370635986,0.0001943986507674026,,,,,,,,,
sft_text_qwen3_8b_it_0227_145821,380,0.43640539764570774,3.0444,10.9383,,2.105898857116699,0.00019397876004819648,,,,,,,,,
sft_text_qwen3_8b_it_0227_145821,390,0.4478897502153316,2.9233,10.7999,,1.4517185688018799,0.0001935441821352834,,,,,,,,,
sft_text_qwen3_8b_it_0227_145821,400,0.4593741027849555,2.9809,11.0493,,1.5564035177230835,0.00019309498494539238,,,,,,,,,
sft_text_qwen3_8b_it_0227_145821,410,0.4708584553545794,2.9635,10.5368,,1.9245755672454834,0.00019263123867998324,,,,,,,,,
sft_text_qwen3_8b_it_0227_145821,420,0.48234280792420325,2.9312,11.0307,,1.9731038808822632,0.00019215301581427516,,,,,,,,,
sft_text_qwen3_8b_it_0227_145821,430,0.49382716049382713,3.0295,10.8169,,2.5472066402435303,0.0001916603910859201,,,,,,,,,
sft_text_qwen3_8b_it_0227_145821,440,0.505311513063451,2.8145,10.6851,,1.5984545946121216,0.0001911534414833227,,,,,,,,,
sft_text_qwen3_8b_it_0227_145821,450,0.5167958656330749,2.9801,11.0532,,1.9853497743606567,0.0001906322462336085,,,,,,,,,
sft_text_qwen3_8b_it_0227_145821,460,0.5282802182026988,2.7308,10.5266,,1.631704568862915,0.0001900968867902419,,,,,,,,,
sft_text_qwen3_8b_it_0227_145821,470,0.5397645707723228,2.9123,10.8593,,1.794052004814148,0.00018954744682029672,,,,,,,,,
sft_text_qwen3_8b_it_0227_145821,480,0.5512489233419466,2.7919,10.8431,,2.073129177093506,0.00018898401219138026,,,,,,,,,
sft_text_qwen3_8b_it_0227_145821,490,0.5627332759115705,2.7106,10.4898,,1.9378750324249268,0.000188406670958214,,,,,,,,,
sft_text_qwen3_8b_it_0227_145821,500,0.5742176284811944,2.9523,10.858,,2.0858750343322754,0.00018781551334887201,,,,,,,,,
sft_text_qwen3_8b_it_0227_145821,500,0.5742176284811944,2.8251,,2.6652233600616455,,,,,,,,,,,
sft_text_qwen3_8b_it_0227_145821,510,0.5857019810508183,2.7107,10.3869,,1.8969513177871704,0.00018721063175068005,,,,,,,,,
sft_text_qwen3_8b_it_0227_145821,520,0.5971863336204422,2.8134,10.9073,,2.4268229007720947,0.00018659212069577712,,,,,,,,,
sft_text_qwen3_8b_it_0227_145821,530,0.608670686190066,2.9293,10.712,,2.5478057861328125,0.00018596007684634162,,,,,,,,,
sft_text_qwen3_8b_it_0227_145821,540,0.6201550387596899,2.7366,10.5203,,1.8368093967437744,0.0001853145989794849,,,,,,,,,
sft_text_qwen3_8b_it_0227_145821,550,0.6316393913293138,2.8248,10.8697,,2.2753608226776123,0.00018465578797181422,,,,,,,,,
sft_text_qwen3_8b_it_0227_145821,560,0.6431237438989377,2.7601,10.3612,,1.7376683950424194,0.0001839837467836674,,,,,,,,,
sft_text_qwen3_8b_it_0227_145821,570,0.6546080964685616,2.8804,10.8454,,1.859413504600525,0.00018329858044302213,,,,,,,,,
sft_text_qwen3_8b_it_0227_145821,580,0.6660924490381854,2.9324,10.7009,,2.1441571712493896,0.0001826003960290818,,,,,,,,,
sft_text_qwen3_8b_it_0227_145821,590,0.6775768016078093,2.6149,10.4228,,1.896284818649292,0.00018188930265554114,,,,,,,,,
sft_text_qwen3_8b_it_0227_145821,600,0.6890611541774333,2.8303,10.744,,1.5589299201965332,0.00018116541145353358,,,,,,,,,
sft_text_qwen3_8b_it_0227_145821,610,0.7005455067470572,2.6527,10.2683,,1.7735536098480225,0.00018042883555426337,,,,,,,,,
sft_text_qwen3_8b_it_0227_145821,620,0.7120298593166811,2.9066,10.6667,,2.2831737995147705,0.00017967969007132547,,,,,,,,,
sft_text_qwen3_8b_it_0227_145821,630,0.7235142118863049,2.8782,10.4688,,2.080324649810791,0.00017891809208271515,,,,,,,,,
sft_text_qwen3_8b_it_0227_145821,640,0.7349985644559288,2.7354,10.2602,,1.6941648721694946,0.00017814416061253077,,,,,,,,,
sft_text_qwen3_8b_it_0227_145821,650,0.7464829170255527,2.8917,10.73,,1.7671680450439453,0.00017735801661237263,,,,,,,,,
sft_text_qwen3_8b_it_0227_145821,660,0.7579672695951766,2.6415,10.1335,,1.7084522247314453,0.00017655978294244028,,,,,,,,,
sft_text_qwen3_8b_it_0227_145821,670,0.7694516221648005,2.7964,10.7371,,2.633629560470581,0.00017574958435233163,,,,,,,,,
sft_text_qwen3_8b_it_0227_145821,680,0.7809359747344243,2.7843,10.5565,,2.3246004581451416,0.000174927547461547,,,,,,,,,
sft_text_qwen3_8b_it_0227_145821,690,0.7924203273040482,2.6484,10.2096,,2.101207971572876,0.00017409380073970065,,,,,,,,,
sft_text_qwen3_8b_it_0227_145821,700,0.8039046798736721,2.8888,10.5559,,2.229749917984009,0.00017324847448644322,,,,,,,,,
sft_text_qwen3_8b_it_0227_145821,710,0.815389032443296,2.7085,10.1144,,1.8825560808181763,0.0001723917008110984,,,,,,,,,
sft_text_qwen3_8b_it_0227_145821,720,0.8268733850129198,2.8498,10.5224,,2.1480143070220947,0.0001715236136120164,,,,,,,,,
sft_text_qwen3_8b_it_0227_145821,730,0.8383577375825438,2.8151,10.3876,,2.684519052505493,0.00017064434855564836,,,,,,,,,
sft_text_qwen3_8b_it_0227_145821,740,0.8498420901521677,2.7188,10.3298,,2.155085563659668,0.00016975404305534373,,,,,,,,,
sft_text_qwen3_8b_it_0227_145821,750,0.8613264427217916,2.8121,10.5344,,1.9663681983947754,0.00016885283624987532,,,,,,,,,
sft_text_qwen3_8b_it_0227_145821,750,0.8613264427217916,2.7484,,2.594256639480591,,,,,,,,,,,
sft_text_qwen3_8b_it_0227_145821,760,0.8728107952914155,2.6973,10.1368,,1.6961894035339355,0.00016794086898169427,,,,,,,,,
sft_text_qwen3_8b_it_0227_145821,770,0.8842951478610394,2.5862,10.51,,2.3415768146514893,0.00016701828377491896,,,,,,,,,
sft_text_qwen3_8b_it_0227_145821,780,0.8957795004306632,2.7342,10.4456,,1.8743754625320435,0.00016608522481306108,,,,,,,,,
sft_text_qwen3_8b_it_0227_145821,790,0.9072638530002871,2.6824,10.3721,,1.4130280017852783,0.00016514183791649216,,,,,,,,,
sft_text_qwen3_8b_it_0227_145821,800,0.918748205569911,2.7729,10.5003,,2.396296262741089,0.0001641882705196547,,,,,,,,,
sft_text_qwen3_8b_it_0227_145821,810,0.9302325581395349,2.8279,10.5493,,3.5211660861968994,0.00016322467164802066,,,,,,,,,
sft_text_qwen3_8b_it_0227_145821,820,0.9417169107091587,2.7021,10.2105,,1.807633638381958,0.00016225119189480146,,,,,,,,,
sft_text_qwen3_8b_it_0227_145821,830,0.9532012632787826,2.7409,10.4061,,2.395111083984375,0.00016126798339741305,,,,,,,,,
sft_text_qwen3_8b_it_0227_145821,840,0.9646856158484065,2.7185,10.4814,,2.492344379425049,0.00016027519981369945,,,,,,,,,
sft_text_qwen3_8b_it_0227_145821,850,0.9761699684180304,2.7443,10.2318,,1.572236180305481,0.0001592729962979189,,,,,,,,,
sft_text_qwen3_8b_it_0227_145821,860,0.9876543209876543,2.8974,10.5167,,1.6852022409439087,0.00015826152947649594,,,,,,,,,
sft_text_qwen3_8b_it_0227_145821,870,1.005742176284812,2.6658,10.2226,,1.8628910779953003,0.00015724095742354356,,,,,,,,,
sft_text_qwen3_8b_it_0227_145821,880,1.0172265288544358,2.8119,10.5701,,1.8886420726776123,0.00015621143963615903,,,,,,,,,
sft_text_qwen3_8b_it_0227_145821,890,1.0287108814240598,2.6477,9.8717,,1.9219553470611572,0.0001551731370094974,,,,,,,,,
sft_text_qwen3_8b_it_0227_145821,900,1.0401952339936835,2.7826,10.4681,,2.323761463165283,0.00015412621181162646,,,,,,,,,
sft_text_qwen3_8b_it_0227_145821,910,1.0516795865633075,2.7143,10.3476,,2.5837512016296387,0.00015307082765816707,,,,,,,,,
sft_text_qwen3_8b_it_0227_145821,920,1.0631639391329313,2.6506,10.1515,,2.2591183185577393,0.0001520071494867231,,,,,,,,,
sft_text_qwen3_8b_it_0227_145821,930,1.0746482917025553,2.8159,10.441,,2.022573232650757,0.00015093534353110468,,,,,,,,,
sft_text_qwen3_8b_it_0227_145821,940,1.0861326442721793,2.6115,9.9178,,1.844373106956482,0.00014985557729534858,,,,,,,,,
sft_text_qwen3_8b_it_0227_145821,950,1.097616996841803,2.8271,10.5049,,1.9973095655441284,0.00014876801952754063,,,,,,,,,
sft_text_qwen3_8b_it_0227_145821,960,1.109101349411427,2.6559,10.2173,,3.3344767093658447,0.0001476728401934432,,,,,,,,,
sft_text_qwen3_8b_it_0227_145821,970,1.1205857019810508,2.6694,10.017,,1.9697388410568237,0.00014657021044993282,,,,,,,,,
sft_text_qwen3_8b_it_0227_145821,980,1.1320700545506748,2.669,10.3689,,1.9830703735351562,0.00014546030261825118,,,,,,,,,
sft_text_qwen3_8b_it_0227_145821,990,1.1435544071202985,2.534,9.8731,,1.6914516687393188,0.00014434329015707467,,,,,,,,,
sft_text_qwen3_8b_it_0227_145821,1000,1.1550387596899225,2.6768,10.2221,,2.6716678142547607,0.00014321934763540566,,,,,,,,,
sft_text_qwen3_8b_it_0227_145821,1000,1.1550387596899225,2.7101,,2.540105104446411,,,,,,,,,,,
sft_text_qwen3_8b_it_0227_145821,1010,1.1665231122595463,2.7203,10.2222,,2.798729419708252,0.00014208865070529072,,,,,,,,,
sft_text_qwen3_8b_it_0227_145821,1020,1.1780074648291703,2.6762,10.03,,1.5987588167190552,0.00014095137607436913,,,,,,,,,
sft_text_qwen3_8b_it_0227_145821,1030,1.189491817398794,2.6736,10.4999,,1.7673509120941162,0.00013980770147825687,,,,,,,,,
sft_text_qwen3_8b_it_0227_145821,1040,1.200976169968418,2.6274,9.943,,1.298446536064148,0.00013865780565276955,,,,,,,,,
sft_text_qwen3_8b_it_0227_145821,1050,1.2124605225380418,2.7541,10.2567,,2.402107000350952,0.00013750186830598942,,,,,,,,,
sft_text_qwen3_8b_it_0227_145821,1060,1.2239448751076658,2.7636,10.3422,,3.811060905456543,0.00013634007009017985,,,,,,,,,
sft_text_qwen3_8b_it_0227_145821,1070,1.2354292276772898,2.6526,9.9736,,1.7752268314361572,0.00013517259257355316,,,,,,,,,
sft_text_qwen3_8b_it_0227_145821,1080,1.2469135802469136,2.7454,10.1864,,2.2611188888549805,0.0001339996182118942,,,,,,,,,
sft_text_qwen3_8b_it_0227_145821,1090,1.2583979328165373,2.5693,9.8608,,1.5804643630981445,0.00013282133032004628,,,,,,,,,
sft_text_qwen3_8b_it_0227_145821,1100,1.2698822853861613,2.6874,10.3873,,2.5360143184661865,0.00013163791304326194,,,,,,,,,
sft_text_qwen3_8b_it_0227_145821,1110,1.2813666379557853,2.8151,10.0384,,4.122328281402588,0.00013044955132842466,,,,,,,,,
sft_text_qwen3_8b_it_0227_145821,1120,1.292850990525409,2.6999,9.9615,,2.1580822467803955,0.0001292564308951448,,,,,,,,,
sft_text_qwen3_8b_it_0227_145821,1130,1.304335343095033,2.7804,10.3675,,1.8384631872177124,0.0001280587382067351,,,,,,,,,
sft_text_qwen3_8b_it_0227_145821,1140,1.3158196956646568,2.6533,9.8217,,1.7558964490890503,0.00012685666044106952,,,,,,,,,
sft_text_qwen3_8b_it_0227_145821,1150,1.3273040482342808,2.7226,10.2723,,1.8693684339523315,0.00012565038546133114,,,,,,,,,
sft_text_qwen3_8b_it_0227_145821,1160,1.3387884008039046,2.7038,10.3035,,3.3916542530059814,0.00012444010178665215,,,,,,,,,
sft_text_qwen3_8b_it_0227_145821,1170,1.3502727533735286,2.5954,9.8283,,1.9291446208953857,0.00012322599856265186,,,,,,,,,
sft_text_qwen3_8b_it_0227_145821,1180,1.3617571059431524,2.5554,10.1044,,2.0059523582458496,0.00012200826553187659,,,,,,,,,
sft_text_qwen3_8b_it_0227_145821,1190,1.3732414585127763,2.6216,9.9607,,2.331772804260254,0.00012078709300414633,,,,,,,,,
sft_text_qwen3_8b_it_0227_145821,1200,1.3847258110824003,2.5902,10.1432,,2.038835287094116,0.00011956267182681264,,,,,,,,,
sft_text_qwen3_8b_it_0227_145821,1210,1.396210163652024,2.8596,10.3684,,1.8555049896240234,0.00011833519335493287,,,,,,,,,
sft_text_qwen3_8b_it_0227_145821,1220,1.4076945162216479,2.6151,9.8516,,2.511232376098633,0.00011710484942136449,,,,,,,,,
sft_text_qwen3_8b_it_0227_145821,1230,1.4191788687912719,2.5734,9.9483,,1.96449875831604,0.00011587183230678532,,,,,,,,,
sft_text_qwen3_8b_it_0227_145821,1240,1.4306632213608959,2.6669,10.3722,,2.0601511001586914,0.00011463633470964331,,,,,,,,,
sft_text_qwen3_8b_it_0227_145821,1250,1.4421475739305196,2.6868,9.7424,,1.840893268585205,0.00011339854971604138,,,,,,,,,
sft_text_qwen3_8b_it_0227_145821,1250,1.4421475739305196,2.6584,,2.498920440673828,,,,,,,,,,,
sft_text_qwen3_8b_it_0227_145821,1260,1.4536319265001436,2.7416,10.2895,,2.4981331825256348,0.0001121586707695615,,,,,,,,,
sft_text_qwen3_8b_it_0227_145821,1270,1.4651162790697674,2.7981,10.0707,,2.372943639755249,0.00011091689164103281,,,,,,,,,
sft_text_qwen3_8b_it_0227_145821,1280,1.4766006316393914,2.6387,9.799,,1.7703614234924316,0.00010967340639824885,,,,,,,,,
sft_text_qwen3_8b_it_0227_145821,1290,1.4880849842090151,2.7374,10.1612,,1.9053651094436646,0.0001084284093756382,,,,,,,,,
sft_text_qwen3_8b_it_0227_145821,1300,1.4995693367786391,2.6659,9.8363,,1.802343487739563,0.00010718209514389354,,,,,,,,,
sft_text_qwen3_8b_it_0227_145821,1310,1.511053689348263,2.6975,10.0832,,2.033390522003174,0.00010593465847956359,,,,,,,,,
sft_text_qwen3_8b_it_0227_145821,1320,1.5225380419178869,2.6774,10.0465,,2.0948891639709473,0.00010468629433461325,,,,,,,,,
sft_text_qwen3_8b_it_0227_145821,1330,1.5340223944875109,2.5572,9.9134,,1.6494779586791992,0.00010343719780595593,,,,,,,,,
sft_text_qwen3_8b_it_0227_145821,1340,1.5455067470571346,2.5609,10.1008,,1.817383885383606,0.00010218756410496354,,,,,,,,,
sft_text_qwen3_8b_it_0227_145821,1350,1.5569910996267584,2.4954,9.7699,,1.851475477218628,0.00010093758852695827,,,,,,,,,
sft_text_qwen3_8b_it_0227_145821,1360,1.5684754521963824,2.6583,10.0757,,2.0066637992858887,9.968746642069164e-05,,,,,,,,,
sft_text_qwen3_8b_it_0227_145821,1370,1.5799598047660064,2.6742,9.9109,,2.3012351989746094,9.843739315781496e-05,,,,,,,,,
sft_text_qwen3_8b_it_0227_145821,1380,1.5914441573356302,2.5388,9.917,,1.6973363161087036,9.718756410234607e-05,,,,,,,,,
sft_text_qwen3_8b_it_0227_145821,1390,1.602928509905254,2.6875,10.1456,,1.9420347213745117,9.593817458013762e-05,,,,,,,,,
sft_text_qwen3_8b_it_0227_145821,1400,1.614412862474878,2.6203,9.6838,,1.934922218322754,9.468941984835107e-05,,,,,,,,,
sft_text_qwen3_8b_it_0227_145821,1410,1.625897215044502,2.568,10.1266,,1.9406102895736694,9.344149506494168e-05,,,,,,,,,
sft_text_qwen3_8b_it_0227_145821,1420,1.637381567614126,2.687,10.0575,,2.5864198207855225,9.21945952581585e-05,,,,,,,,,
sft_text_qwen3_8b_it_0227_145821,1430,1.6488659201837497,2.5538,9.8104,,1.7677538394927979,9.094891529606517e-05,,,,,,,,,
sft_text_qwen3_8b_it_0227_145821,1440,1.6603502727533734,2.7026,10.1172,,2.0929908752441406,8.97046498560855e-05,,,,,,,,,
sft_text_qwen3_8b_it_0227_145821,1450,1.6718346253229974,2.5928,9.776,,1.8224167823791504,8.846199339457895e-05,,,,,,,,,
sft_text_qwen3_8b_it_0227_145821,1460,1.6833189778926214,2.5888,10.0,,2.4588749408721924,8.722114011645042e-05,,,,,,,,,
sft_text_qwen3_8b_it_0227_145821,1470,1.6948033304622452,2.6144,10.0819,,2.1573173999786377,8.598228394479967e-05,,,,,,,,,
sft_text_qwen3_8b_it_0227_145821,1480,1.706287683031869,2.5109,9.629,,2.0941851139068604,8.474561849061445e-05,,,,,,,,,
sft_text_qwen3_8b_it_0227_145821,1490,1.717772035601493,2.642,9.9394,,2.1064977645874023,8.351133702251288e-05,,,,,,,,,
sft_text_qwen3_8b_it_0227_145821,1500,1.729256388171117,2.7062,9.5943,,1.9438080787658691,8.227963243653866e-05,,,,,,,,,
sft_text_qwen3_8b_it_0227_145821,1500,1.729256388171117,2.5406,,2.4697582721710205,,,,,,,,,,,
sft_text_qwen3_8b_it_0227_145821,1510,1.7407407407407407,2.631,9.9909,,2.4041049480438232,8.105069722601514e-05,,,,,,,,,
sft_text_qwen3_8b_it_0227_145821,1520,1.7522250933103645,2.6183,9.9461,,2.370748996734619,7.98247234514619e-05,,,,,,,,,
sft_text_qwen3_8b_it_0227_145821,1530,1.7637094458799885,2.586,9.7121,,1.7350001335144043,7.860190271057938e-05,,,,,,,,,
sft_text_qwen3_8b_it_0227_145821,1540,1.7751937984496124,2.6233,10.094,,2.059534788131714,7.738242610830531e-05,,,,,,,,,
sft_text_qwen3_8b_it_0227_145821,1550,1.7866781510192364,2.4564,9.5555,,1.7368675470352173,7.616648422694858e-05,,,,,,,,,
sft_text_qwen3_8b_it_0227_145821,1560,1.7981625035888602,2.5458,9.9757,,1.9910564422607422,7.495426709640463e-05,,,,,,,,,
sft_text_qwen3_8b_it_0227_145821,1570,1.809646856158484,2.7308,9.8849,,1.9880133867263794,7.374596416445732e-05,,,,,,,,,
sft_text_qwen3_8b_it_0227_145821,1580,1.821131208728108,2.6096,9.6208,,1.7965654134750366,7.254176426717131e-05,,,,,,,,,
sft_text_qwen3_8b_it_0227_145821,1590,1.832615561297732,2.7268,9.9804,,1.9211150407791138,7.134185559938071e-05,,,,,,,,,
sft_text_qwen3_8b_it_0227_145821,1600,1.8440999138673557,2.5343,9.5457,,1.993802785873413,7.01464256852774e-05,,,,,,,,,
sft_text_qwen3_8b_it_0227_145821,1610,1.8555842664369795,2.6696,10.0774,,1.8992297649383545,6.895566134910449e-05,,,,,,,,,
sft_text_qwen3_8b_it_0227_145821,1620,1.8670686190066035,2.5742,9.8314,,2.720574378967285,6.776974868595898e-05,,,,,,,,,
sft_text_qwen3_8b_it_0227_145821,1630,1.8785529715762275,2.5217,9.6932,,2.0835330486297607,6.658887303270835e-05,,,,,,,,,
sft_text_qwen3_8b_it_0227_145821,1640,1.8900373241458512,2.4664,9.9188,,1.8861923217773438,6.54132189390259e-05,,,,,,,,,
sft_text_qwen3_8b_it_0227_145821,1650,1.901521676715475,2.5462,9.7917,,2.1813435554504395,6.424297013854892e-05,,,,,,,,,
sft_text_qwen3_8b_it_0227_145821,1660,1.913006029285099,2.6513,9.9579,,1.6701551675796509,6.307830952016427e-05,,,,,,,,,
sft_text_qwen3_8b_it_0227_145821,1670,1.924490381854723,2.616,9.9317,,1.563533067703247,6.19194190994263e-05,,,,,,,,,
sft_text_qwen3_8b_it_0227_145821,1680,1.935974734424347,2.6344,9.7812,,2.0742053985595703,6.0766479990110925e-05,,,,,,,,,
sft_text_qwen3_8b_it_0227_145821,1690,1.9474590869939707,2.5792,9.9131,,1.971114993095398,5.9619672375911065e-05,,,,,,,,,
sft_text_qwen3_8b_it_0227_145821,1700,1.9589434395635945,2.5332,9.8647,,1.688248872756958,5.8479175482276795e-05,,,,,,,,,
sft_text_qwen3_8b_it_0227_145821,1710,1.9704277921332185,2.5641,9.6964,,2.1883153915405273,5.734516754840589e-05,,,,,,,,,
sft_text_qwen3_8b_it_0227_145821,1720,1.9819121447028425,2.6923,10.0342,,1.8563333749771118,5.621782579938822e-05,,,,,,,,,
sft_text_qwen3_8b_it_0227_145821,1730,1.9933964972724663,2.735,9.6531,,1.731579065322876,5.5097326418508465e-05,,,,,,,,,
sft_text_qwen3_8b_it_0227_145821,1740,2.011484352569624,2.5665,10.1033,,1.8264943361282349,5.39838445197121e-05,,,,,,,,,
sft_text_qwen3_8b_it_0227_145821,1750,2.022968705139248,2.6765,9.8365,,2.38311505317688,5.287755412023787e-05,,,,,,,,,
sft_text_qwen3_8b_it_0227_145821,1750,2.022968705139248,2.5771,,2.446528673171997,,,,,,,,,,,
sft_text_qwen3_8b_it_0227_145821,1760,2.0344530577088715,2.4801,9.5621,,1.6335920095443726,5.177862811342253e-05,,,,,,,,,
sft_text_qwen3_8b_it_0227_145821,1770,2.0459374102784955,2.6529,10.0162,,1.8466925621032715,5.068723824168013e-05,,,,,,,,,
sft_text_qwen3_8b_it_0227_145821,1780,2.0574217628481195,2.5297,9.5638,,1.9654510021209717,4.9603555069662264e-05,,,,,,,,,
sft_text_qwen3_8b_it_0227_145821,1790,2.0689061154177435,2.5788,9.905,,1.9148281812667847,4.8527747957601445e-05,,,,,,,,,
sft_text_qwen3_8b_it_0227_145821,1800,2.080390467987367,2.6756,9.883,,2.639171600341797,4.745998503484361e-05,,,,,,,,,
sft_text_qwen3_8b_it_0227_145821,1810,2.091874820556991,2.5775,9.7246,,2.1539108753204346,4.640043317357205e-05,,,,,,,,,
sft_text_qwen3_8b_it_0227_145821,1820,2.103359173126615,2.5964,9.8157,,1.9771523475646973,4.534925796272861e-05,,,,,,,,,
sft_text_qwen3_8b_it_0227_145821,1830,2.114843525696239,2.5385,9.591,,2.1107285022735596,4.4306623682134873e-05,,,,,,,,,
sft_text_qwen3_8b_it_0227_145821,1840,2.1263278782658626,2.4972,9.7578,,2.0282387733459473,4.327269327681853e-05,,,,,,,,,
sft_text_qwen3_8b_it_0227_145821,1850,2.1378122308354865,2.5929,9.7826,,2.1946089267730713,4.224762833154751e-05,,,,,,,,,
sft_text_qwen3_8b_it_0227_145821,1860,2.1492965834051105,2.359,9.4606,,1.6961091756820679,4.123158904557759e-05,,,,,,,,,
sft_text_qwen3_8b_it_0227_145821,1870,2.1607809359747345,2.5647,9.9075,,1.8380897045135498,4.022473420761582e-05,,,,,,,,,
sft_text_qwen3_8b_it_0227_145821,1880,2.1722652885443585,2.5211,9.3992,,1.9036445617675781,3.9227221171005076e-05,,,,,,,,,
sft_text_qwen3_8b_it_0227_145821,1890,2.183749641113982,2.6692,10.0023,,1.9160805940628052,3.82392058291321e-05,,,,,,,,,
sft_text_qwen3_8b_it_0227_145821,1900,2.195233993683606,2.5179,9.969,,1.9576687812805176,3.7260842591064506e-05,,,,,,,,,
sft_text_qwen3_8b_it_0227_145821,1910,2.20671834625323,2.5538,9.6312,,1.7743330001831055,3.6292284357419173e-05,,,,,,,,,
sft_text_qwen3_8b_it_0227_145821,1920,2.218202698822854,2.6474,9.9154,,1.7249982357025146,3.533368249646699e-05,,,,,,,,,
sft_text_qwen3_8b_it_0227_145821,1930,2.2296870513924776,2.5146,9.5794,,2.0625760555267334,3.438518682047618e-05,,,,,,,,,
sft_text_qwen3_8b_it_0227_145821,1940,2.2411714039621016,2.6744,9.8573,,1.7822327613830566,3.344694556229984e-05,,,,,,,,,
sft_text_qwen3_8b_it_0227_145821,1950,2.2526557565317256,2.5339,9.5882,,1.9595983028411865,3.2519105352209356e-05,,,,,,,,,
sft_text_qwen3_8b_it_0227_145821,1960,2.2641401091013496,2.5567,9.7169,,1.89712655544281,3.1601811194979235e-05,,,,,,,,,
sft_text_qwen3_8b_it_0227_145821,1970,2.275624461670973,2.6243,10.0496,,1.7991825342178345,3.069520644722492e-05,,,,,,,,,
sft_text_qwen3_8b_it_0227_145821,1980,2.287108814240597,2.5396,9.2227,,1.941347599029541,2.979943279499914e-05,,,,,,,,,
sft_text_qwen3_8b_it_0227_145821,1990,2.298593166810221,2.6622,9.9276,,1.9279794692993164,2.8914630231648598e-05,,,,,,,,,
sft_text_qwen3_8b_it_0227_145821,2000,2.310077519379845,2.7206,9.8404,,2.76004958152771,2.804093703593593e-05,,,,,,,,,
sft_text_qwen3_8b_it_0227_145821,2000,2.310077519379845,2.5541,,2.428945541381836,,,,,,,,,,,
sft_text_qwen3_8b_it_0227_145821,2010,2.321561871949469,2.5151,9.5361,,1.8658818006515503,2.7178489750428725e-05,,,,,,,,,
sft_text_qwen3_8b_it_0227_145821,2020,2.3330462245190926,2.6227,10.0821,,1.813912034034729,2.6327423160160812e-05,,,,,,,,,
sft_text_qwen3_8b_it_0227_145821,2030,2.3445305770887166,2.4403,9.4505,,2.2088615894317627,2.5487870271567384e-05,,,,,,,,,
sft_text_qwen3_8b_it_0227_145821,2040,2.3560149296583406,2.5492,9.6794,,1.6531740427017212,2.4659962291698933e-05,,,,,,,,,
sft_text_qwen3_8b_it_0227_145821,2050,2.3674992822279646,2.5567,9.7915,,1.678819179534912,2.3843828607715457e-05,,,,,,,,,
sft_text_qwen3_8b_it_0227_145821,2060,2.378983634797588,2.4381,9.5176,,2.052443027496338,2.303959676666595e-05,,,,,,,,,
sft_text_qwen3_8b_it_0227_145821,2070,2.390467987367212,2.6603,9.9712,,1.8188773393630981,2.224739245555483e-05,,,,,,,,,
sft_text_qwen3_8b_it_0227_145821,2080,2.401952339936836,2.6377,9.8512,,1.5453366041183472,2.1467339481699557e-05,,,,,,,,,
sft_text_qwen3_8b_it_0227_145821,2090,2.41343669250646,2.4108,9.4469,,2.081801414489746,2.0699559753381514e-05,,,,,,,,,
sft_text_qwen3_8b_it_0227_145821,2100,2.4249210450760836,2.4967,9.9015,,1.7392549514770508,1.994417326079414e-05,,,,,,,,,
sft_text_qwen3_8b_it_0227_145821,2110,2.4364053976457076,2.7211,9.7866,,1.6585184335708618,1.920129805729043e-05,,,,,,,,,
sft_text_qwen3_8b_it_0227_145821,2120,2.4478897502153316,2.6221,9.6935,,1.7807790040969849,1.8471050240933575e-05,,,,,,,,,
sft_text_qwen3_8b_it_0227_145821,2130,2.4593741027849556,2.6479,9.8447,,1.7249746322631836,1.77535439363526e-05,,,,,,,,,
sft_text_qwen3_8b_it_0227_145821,2140,2.4708584553545796,2.631,9.4407,,1.9614275693893433,1.7048891276906997e-05,,,,,,,,,
sft_text_qwen3_8b_it_0227_145821,2150,2.482342807924203,2.5793,9.8119,,1.7903144359588623,1.6357202387162086e-05,,,,,,,,,
sft_text_qwen3_8b_it_0227_145821,2160,2.493827160493827,2.7198,9.707,,1.780712604522705,1.567858536567878e-05,,,,,,,,,
sft_text_qwen3_8b_it_0227_145821,2170,2.505311513063451,2.4807,9.5428,,1.7758164405822754,1.5013146268119372e-05,,,,,,,,,
sft_text_qwen3_8b_it_0227_145821,2180,2.5167958656330747,2.6697,9.9215,,1.7100125551223755,1.4360989090673283e-05,,,,,,,,,
sft_text_qwen3_8b_it_0227_145821,2190,2.5282802182026987,2.4227,9.4737,,1.943126916885376,1.3722215753804091e-05,,,,,,,,,
sft_text_qwen3_8b_it_0227_145821,2200,2.5397645707723226,2.5644,9.7224,,1.8033784627914429,1.3096926086321315e-05,,,,,,,,,
sft_text_qwen3_8b_it_0227_145821,2210,2.5512489233419466,2.5007,9.8344,,1.5822949409484863,1.248521780977886e-05,,,,,,,,,
sft_text_qwen3_8b_it_0227_145821,2220,2.5627332759115706,2.4362,9.472,,1.9390690326690674,1.1887186523203009e-05,,,,,,,,,
sft_text_qwen3_8b_it_0227_145821,2230,2.574217628481194,2.6618,9.7928,,1.7862669229507446,1.1302925688151911e-05,,,,,,,,,
sft_text_qwen3_8b_it_0227_145821,2240,2.585701981050818,2.4428,9.4023,,1.8133381605148315,1.0732526614109318e-05,,,,,,,,,
sft_text_qwen3_8b_it_0227_145821,2250,2.597186333620442,2.5296,9.8526,,1.8111674785614014,1.017607844421441e-05,,,,,,,,,
sft_text_qwen3_8b_it_0227_145821,2250,2.597186333620442,2.5327,,2.422112226486206,,,,,,,,,,,
sft_text_qwen3_8b_it_0227_145821,2260,2.608670686190066,2.6653,9.764,,1.5729577541351318,9.633668141330444e-06,,,,,,,,,
sft_text_qwen3_8b_it_0227_145821,2270,2.62015503875969,2.4745,9.5788,,1.8948925733566284,9.105380474453995e-06,,,,,,,,,
sft_text_qwen3_8b_it_0227_145821,2280,2.6316393913293137,2.5087,9.8935,,1.6353416442871094,8.591298005467064e-06,,,,,,,,,
sft_text_qwen3_8b_it_0227_145821,2290,2.6431237438989377,2.5075,9.4558,,1.9000037908554077,8.091501076234098e-06,,,,,,,,,
sft_text_qwen3_8b_it_0227_145821,2300,2.6546080964685617,2.5981,9.8547,,1.7373485565185547,7.606067796046079e-06,,,,,,,,,
sft_text_qwen3_8b_it_0227_145821,2310,2.666092449038185,2.665,9.7645,,1.6080378293991089,7.135074029413391e-06,,,,,,,,,
sft_text_qwen3_8b_it_0227_145821,2320,2.677576801607809,2.3773,9.5581,,1.8957481384277344,6.678593384209597e-06,,,,,,,,,
sft_text_qwen3_8b_it_0227_145821,2330,2.689061154177433,2.5714,9.7871,,1.592992901802063,6.2366972001677735e-06,,,,,,,,,
sft_text_qwen3_8b_it_0227_145821,2340,2.700545506747057,2.4102,9.469,,1.9814555644989014,5.809454537731496e-06,,,,,,,,,
sft_text_qwen3_8b_it_0227_145821,2350,2.712029859316681,2.6655,9.7256,,1.745427131652832,5.396932167261848e-06,,,,,,,,,
sft_text_qwen3_8b_it_0227_145821,2360,2.7235142118863047,2.6402,9.608,,1.5829776525497437,4.999194558602449e-06,,,,,,,,,
sft_text_qwen3_8b_it_0227_145821,2370,2.7349985644559287,2.5069,9.4104,,1.8800137042999268,4.616303871003947e-06,,,,,,,,,
sft_text_qwen3_8b_it_0227_145821,2380,2.7464829170255527,2.6119,9.8532,,1.4911271333694458,4.248319943409695e-06,,,,,,,,,
sft_text_qwen3_8b_it_0227_145821,2390,2.7579672695951767,2.4283,9.3864,,1.9021801948547363,3.895300285103931e-06,,,,,,,,,
sft_text_qwen3_8b_it_0227_145821,2400,2.7694516221648007,2.5234,9.8053,,1.81903076171875,3.5573000667241897e-06,,,,,,,,,
sft_text_qwen3_8b_it_0227_145821,2410,2.780935974734424,2.5512,9.7096,,1.520267367362976,3.234372111639028e-06,,,,,,,,,
sft_text_qwen3_8b_it_0227_145821,2420,2.792420327304048,2.429,9.4409,,1.8241920471191406,2.9265668876927386e-06,,,,,,,,,
sft_text_qwen3_8b_it_0227_145821,2430,2.803904679873672,2.6591,9.7801,,1.6755731105804443,2.633932499318148e-06,,,,,,,,,
sft_text_qwen3_8b_it_0227_145821,2440,2.8153890324432957,2.5159,9.4017,,1.8962863683700562,2.356514680018718e-06,,,,,,,,,
sft_text_qwen3_8b_it_0227_145821,2450,2.8268733850129197,2.6394,9.7074,,1.7876800298690796,2.0943567852211964e-06,,,,,,,,,
sft_text_qwen3_8b_it_0227_145821,2460,2.8383577375825437,2.5997,9.5995,,1.4809834957122803,1.8474997855000176e-06,,,,,,,,,
sft_text_qwen3_8b_it_0227_145821,2470,2.8498420901521677,2.5164,9.6003,,1.9649072885513306,1.6159822601742869e-06,,,,,,,,,
sft_text_qwen3_8b_it_0227_145821,2480,2.8613264427217917,2.5875,9.727,,1.6601852178573608,1.3998403912785508e-06,,,,,,,,,
sft_text_qwen3_8b_it_0227_145821,2490,2.8728107952914153,2.4934,9.4359,,1.9048328399658203,1.19910795790813e-06,,,,,,,,,
sft_text_qwen3_8b_it_0227_145821,2500,2.8842951478610392,2.3806,9.6908,,1.7893764972686768,1.0138163309401537e-06,,,,,,,,,
sft_text_qwen3_8b_it_0227_145821,2500,2.8842951478610392,2.5305,,2.4206364154815674,,,,,,,,,,,
sft_text_qwen3_8b_it_0227_145821,2510,2.8957795004306632,2.5234,9.7274,,1.4042929410934448,8.43994468130771e-07,,,,,,,,,
sft_text_qwen3_8b_it_0227_145821,2520,2.9072638530002872,2.4955,9.6452,,1.808173656463623,6.896689095896136e-07,,,,,,,,,
sft_text_qwen3_8b_it_0227_145821,2530,2.918748205569911,2.5732,9.7336,,1.7700603008270264,5.508637736320488e-07,,,,,,,,,
sft_text_qwen3_8b_it_0227_145821,2540,2.9302325581395348,2.6446,9.8629,,1.6247010231018066,4.2760075300990464e-07,,,,,,,,,
sft_text_qwen3_8b_it_0227_145821,2550,2.9417169107091587,2.5314,9.5396,,1.7387633323669434,3.198991115213046e-07,,,,,,,,,
sft_text_qwen3_8b_it_0227_145821,2560,2.9532012632787827,2.5395,9.667,,1.7766135931015015,2.277756810000531e-07,,,,,,,,,
sft_text_qwen3_8b_it_0227_145821,2570,2.9646856158484063,2.5304,9.7942,,1.6211423873901367,1.5124485868515115e-07,,,,,,,,,
sft_text_qwen3_8b_it_0227_145821,2580,2.9761699684180303,2.5665,9.5946,,1.704308032989502,9.031860497075162e-08,,,,,,,,,
sft_text_qwen3_8b_it_0227_145821,2590,2.9876543209876543,2.729,9.8802,,1.483182430267334,4.5006441536965536e-08,,,,,,,,,
sft_text_qwen3_8b_it_0227_145821,2595,2.9933964972724665,2.492,,,,,,,,,,,,,
sft_text_qwen3_8b_it_0227_145821,2595,2.9933964972724665,2.5513,,2.4151294231414795,,,,,,,,,,,
sft_text_qwen3_8b_it_0227_145821,2595,,,,,,,,,,,,,,,
