experiment,step,mean_reward,loss,pg_loss,reward_std,kl_penalty,reward_quality_alignment,reward_numerical_accuracy,reward_category_match,reward_format_bonus,diagnostics_grad_norm_lora,diagnostics_grad_norm_multimodal,diagnostics_completion_mean_length
trial_grpo_structure_mlp_sft,5.0,0.13750000335276127,-0.8774295091629029,-0.8774295091629029,0.15602423064410686,0.0,0.13000000000000006,0.0,0.0075,,,,
trial_grpo_structure_mlp_sft,10.0,0.1664047369733453,-0.8644928812980652,-0.8644928812980652,0.18880186788737774,0.0,0.16250000000000006,0.0001547326147556305,0.00375,,,,
trial_grpo_structure_mlp_sft,15.0,0.10000000093132258,-1.0108643293380737,-1.0108643293380737,0.14915397353470325,0.0,0.085,0.0,0.015,,,,
trial_grpo_structure_mlp_sft,20.0,0.16125000398606062,-1.184878170490265,-1.184878170490265,0.1771579645574093,0.0,0.15,0.0,0.01125,,,,
trial_grpo_structure_mlp_sft,25.0,0.12875000294297934,-0.651872968673706,-0.651872968673706,0.1612895630300045,0.0,0.12500000000000003,0.0,0.00375,,,,
trial_grpo_structure_mlp_sft,30.0,0.18029835261404514,0.24524450302124023,0.24524450302124023,0.20216382704675198,0.0,0.15750000000000003,0.00029834817163646224,0.0225,,,,
trial_grpo_structure_mlp_sft,35.0,0.15125000197440386,-0.1593051552772522,-0.1593051552772522,0.17726321890950203,0.0,0.1325,0.0,0.01875,,,,
trial_grpo_structure_mlp_sft,40.0,0.13875000327825546,-0.864764678478241,-0.864764678478241,0.1724819891154766,0.0,0.1275,0.0,0.01125,,,,
trial_grpo_structure_mlp_sft,45.0,0.15875000301748515,-0.6115054726600647,-0.6115054726600647,0.18165687061846256,0.0,0.1475,0.0,0.01125,,,,
trial_grpo_structure_mlp_sft,50.0,0.12065467126667499,-0.3436767578125,-0.3436767578125,0.14451644383370876,0.0,0.11750000000000002,0.003154669851064682,0.0,,,,
trial_grpo_structure_mlp_sft,55.0,0.1525000024586916,-0.9799456536769867,-0.9799456536769867,0.16914347782731057,0.0,0.1375,0.0,0.015,,,,
trial_grpo_structure_mlp_sft,60.0,0.1887500047683716,-1.236120617389679,-1.236120617389679,0.20359075143933297,0.0,0.16250000000000003,0.0,0.026250000000000002,,,,
trial_grpo_structure_mlp_sft,65.0,0.1912500038743019,-1.539137601852417,-1.539137601852417,0.208316095918417,0.0,0.15750000000000003,0.0,0.03375,,,,
trial_grpo_structure_mlp_sft,70.0,0.11375000197440385,-0.5297102570533753,-0.5297102570533753,0.14987604841589927,0.0,0.11000000000000001,0.0,0.00375,,,,
trial_grpo_structure_mlp_sft,75.0,0.16375000402331352,-0.39323168992996216,-0.39323168992996216,0.17282956950366496,0.0,0.16000000000000003,0.0,0.00375,,,,
trial_grpo_structure_mlp_sft,80.0,0.13598128203302623,-0.3369769811630249,-0.3369769811630249,0.19609917514026165,0.0,0.11500000000000003,0.0022312798351049423,0.01875,,,,
trial_grpo_structure_mlp_sft,85.0,0.15375000052154064,-1.010518193244934,-1.010518193244934,0.20927348993718625,0.0,0.12750000000000003,0.0,0.026250000000000002,,,,
trial_grpo_structure_mlp_sft,90.0,0.15875000208616258,-1.0981193423271178,-1.0981193423271178,0.17410371415317058,0.0,0.14000000000000007,0.0,0.01875,,,,
trial_probe_logging_test2,1.0,1.0499999523162842,-0.024999966844916344,-0.024999966844916344,0.0707106962800026,0.0,,,,0.05,0.9999992847442627,0.0,8.0
trial_probe_logging_test2,2.0,1.0499999523162842,0.014641240239143372,0.014641240239143372,0.0707106962800026,0.0,,,,0.05,0.9999998807907104,0.0,20.0
trial_probe_logging_test2,6.0,1.0499999523162842,-0.008146625012159348,-0.008146625012159348,0.0707106962800026,0.0,,,,0.05,0.9999992251396179,0.0,8.0
trial_probe_logging_test2,8.0,0.10000000149011612,0.0,0.0,0.0,0.0,,,,0.1,0.0,0.0,8.0
trial_probe_logging_test2,9.0,0.10000000149011612,0.0,0.0,0.0,0.0,,,,0.1,0.0,0.0,8.0
trial_probe_logging_test2,10.0,1.100000023841858,0.0,0.0,0.0,0.0,,,,0.1,0.0,0.0,8.0
trial_probe_logging_test2,11.0,1.0,0.0,0.0,0.0,0.0,,,,0.0,0.0,0.0,5.0
trial_probe_logging_test2,12.0,0.10000000149011612,0.0,0.0,0.0,0.0,,,,0.1,0.0,0.0,8.0
trial_probe_logging_test2,15.0,0.0,0.0,0.0,0.0,0.0,,,,0.0,0.0,0.0,5.0
trial_probe_logging_test2,17.0,1.100000023841858,0.0,0.0,0.0,0.0,,,,0.1,0.0,0.0,8.0
trial_probe_logging_test2,18.0,1.100000023841858,0.0,0.0,0.0,0.0,,,,0.1,0.0,0.0,8.0
trial_probe_logging_test2,19.0,0.10000000149011612,0.0,0.0,0.0,0.0,,,,0.1,0.0,0.0,8.0
trial_probe_logging_test2,20.0,1.0499999523162842,-0.01923823542892933,-0.01923823542892933,0.0707106962800026,0.0,,,,0.05,0.999999463558197,0.0,8.0
trial_probe_logging_test2,23.0,0.10000000149011612,0.0,0.0,0.0,0.0,,,,0.1,0.0,0.0,8.0
trial_probe_logging_test2,28.0,0.10000000149011612,0.0,0.0,0.0,0.0,,,,0.1,0.0,0.0,8.0
trial_probe_logging_test2,29.0,1.100000023841858,0.0,0.0,0.0,0.0,,,,0.1,0.0,0.0,8.0
trial_probe_logging_test2,31.0,1.100000023841858,0.0,0.0,0.0,0.0,,,,0.1,0.0,0.0,8.0
trial_probe_logging_test2,32.0,1.100000023841858,0.0,0.0,0.0,0.0,,,,0.1,0.0,0.0,8.0
trial_probe_logging_test2,34.0,1.100000023841858,0.0,0.0,0.0,0.0,,,,0.1,0.0,0.0,8.0
trial_probe_logging_test2,39.0,0.10000000149011612,0.0,0.0,0.0,0.0,,,,0.1,0.0,0.0,8.0
trial_probe_logging_test2,42.0,1.100000023841858,0.0,0.0,0.0,0.0,,,,0.1,0.0,0.0,8.0
trial_probe_logging_test2,43.0,0.10000000149011612,0.0,0.0,0.0,0.0,,,,0.1,0.0,0.0,8.0
trial_probe_logging_test2,44.0,0.10000000149011612,0.0,0.0,0.0,0.0,,,,0.1,0.0,0.0,8.0
trial_probe_logging_test2,45.0,0.550000011920929,0.1939910352230072,0.1939910352230072,0.6363961100578308,0.0,,,,0.05,0.9999998807907104,0.0,8.0
trial_probe_logging_test2,46.0,1.100000023841858,0.0,0.0,0.0,0.0,,,,0.1,0.0,0.0,8.0
trial_probe_logging_test2,47.0,1.100000023841858,0.0,0.0,0.0,0.0,,,,0.1,0.0,0.0,8.0
trial_probe_logging_test2,48.0,0.05000000074505806,-0.03005523420870304,-0.03005523420870304,0.0707106813788414,0.0,,,,0.05,0.9999993443489075,0.0,8.0
trial_probe_logging_test2,49.0,0.10000000149011612,0.0,0.0,0.0,0.0,,,,0.1,0.0,0.0,8.0
trial_probe_logging_test2,53.0,0.10000000149011612,0.0,0.0,0.0,0.0,,,,0.1,0.0,0.0,8.0
trial_probe_logging_test2,55.0,1.100000023841858,0.0,0.0,0.0,0.0,,,,0.1,0.0,0.0,8.0
trial_probe_logging_test2,56.0,0.05000000074505806,-0.0037353485822677612,-0.0037353485822677612,0.0707106813788414,0.0,,,,0.05,0.9999993443489075,0.0,8.0
trial_probe_logging_test2,59.0,1.100000023841858,0.0,0.0,0.0,0.0,,,,0.1,0.0,0.0,8.0
trial_probe_logging_test2,61.0,0.0,0.0,0.0,0.0,0.0,,,,0.0,0.0,0.0,5.0
trial_probe_logging_test2,62.0,0.10000000149011612,0.0,0.0,0.0,0.0,,,,0.1,0.0,0.0,8.0
trial_probe_logging_test2,65.0,0.10000000149011612,0.0,0.0,0.0,0.0,,,,0.1,0.0,0.0,8.0
trial_probe_logging_test2,67.0,0.10000000149011612,0.0,0.0,0.0,0.0,,,,0.1,0.0,0.0,8.0
trial_probe_logging_test2,68.0,0.05000000074505806,0.007301142439246178,0.007301142439246178,0.0707106813788414,0.0,,,,0.05,0.999999463558197,0.0,8.0
trial_probe_logging_test2,69.0,1.0499999523162842,0.006347383372485638,0.006347383372485638,0.0707106962800026,0.0,,,,0.05,0.9999995827674866,0.0,8.0
trial_probe_logging_test2,70.0,1.100000023841858,0.0,0.0,0.0,0.0,,,,0.1,0.0,0.0,8.0
trial_probe_logging_test2,74.0,1.100000023841858,0.0,0.0,0.0,0.0,,,,0.1,0.0,0.0,8.0
trial_probe_logging_test2,75.0,1.0499999523162842,-0.04516594856977463,-0.04516594856977463,0.0707106962800026,0.0,,,,0.05,0.9999997019767761,0.0,8.0
trial_probe_logging_test2,77.0,0.6000000238418579,-0.26513671875,-0.26513671875,0.7071067690849304,0.0,,,,0.1,0.9999999403953552,0.0,8.0
trial_probe_logging_test2,78.0,0.10000000149011612,0.0,0.0,0.0,0.0,,,,0.1,0.0,0.0,8.0
trial_probe_logging_test2,79.0,1.100000023841858,0.0,0.0,0.0,0.0,,,,0.1,0.0,0.0,8.0
trial_probe_logging_test2,82.0,1.100000023841858,0.0,0.0,0.0,0.0,,,,0.1,0.0,0.0,8.0
trial_probe_logging_test2,84.0,0.10000000149011612,0.0,0.0,0.0,0.0,,,,0.1,0.0,0.0,8.0
trial_probe_logging_test2,85.0,1.100000023841858,0.0,0.0,0.0,0.0,,,,0.1,0.0,0.0,8.0
trial_probe_logging_test2,86.0,1.0499999523162842,0.009891715832054615,0.009891715832054615,0.0707106962800026,0.0,,,,0.05,0.999999463558197,0.0,8.0
trial_probe_logging_test2,87.0,1.100000023841858,0.0,0.0,0.0,0.0,,,,0.1,0.0,0.0,8.0
trial_probe_logging_test2,89.0,1.0499999523162842,-0.01851668581366539,-0.01851668581366539,0.0707106962800026,0.0,,,,0.05,0.999999463558197,0.0,8.0
trial_probe_logging_test2,90.0,0.10000000149011612,0.0,0.0,0.0,0.0,,,,0.1,0.0,0.0,8.0
trial_probe_logging_test2,91.0,1.100000023841858,0.0,0.0,0.0,0.0,,,,0.1,0.0,0.0,8.0
trial_probe_logging_test2,92.0,0.6000000238418579,0.4982909858226776,0.4982909858226776,0.7071067690849304,0.0,,,,0.1,0.9999999403953552,0.0,8.0
trial_probe_logging_test2,95.0,1.0499999523162842,-0.0625176653265953,-0.0625176653265953,0.0707106962800026,0.0,,,,0.05,0.9999997019767761,0.0,8.0
trial_probe_logging_test2,96.0,1.100000023841858,0.0,0.0,0.0,0.0,,,,0.1,0.0,0.0,8.0
trial_probe_logging_test2,100.0,0.10000000149011612,0.0,0.0,0.0,0.0,,,,0.1,0.0,0.0,8.0
trial_probe_logging_test2,103.0,1.100000023841858,0.0,0.0,0.0,0.0,,,,0.1,0.0,0.0,8.0
trial_probe_logging_test2,104.0,0.0,0.0,0.0,0.0,0.0,,,,0.0,0.0,0.0,5.0
trial_probe_logging_test2,105.0,1.0,0.0,0.0,0.0,0.0,,,,0.0,0.0,0.0,5.0
trial_probe_logging_test2,107.0,1.100000023841858,0.0,0.0,0.0,0.0,,,,0.1,0.0,0.0,8.0
trial_probe_logging_test2,109.0,0.05000000074505806,0.04863284155726433,0.04863284155726433,0.0707106813788414,0.0,,,,0.05,0.9999995827674866,0.0,8.0
trial_probe_logging_test2,110.0,1.0,0.0,0.0,0.0,0.0,,,,0.0,0.0,0.0,20.0
trial_probe_logging_test2,113.0,0.550000011920929,-0.4604240655899048,-0.4604240655899048,0.6363961100578308,0.0,,,,0.05,0.9999999403953552,0.0,90.0
trial_probe_logging_test2,119.0,1.100000023841858,0.0,0.0,0.0,0.0,,,,0.1,0.0,0.0,8.0
trial_probe_logging_test2,120.0,0.10000000149011612,0.0,0.0,0.0,0.0,,,,0.1,0.0,0.0,8.0
trial_probe_logging_test2,121.0,1.100000023841858,0.0,0.0,0.0,0.0,,,,0.1,0.0,0.0,8.0
trial_probe_logging_test2,122.0,1.100000023841858,0.0,0.0,0.0,0.0,,,,0.1,0.0,0.0,8.0
trial_probe_logging_test2,123.0,1.100000023841858,0.0,0.0,0.0,0.0,,,,0.1,0.0,0.0,8.0
trial_probe_logging_test2,124.0,1.100000023841858,0.0,0.0,0.0,0.0,,,,0.1,0.0,0.0,8.0
trial_probe_logging_test2,125.0,1.0499999523162842,-0.002929653972387314,-0.002929653972387314,0.0707106962800026,0.0,,,,0.05,0.9999995231628418,0.0,8.0
trial_probe_logging_test2,128.0,0.10000000149011612,0.0,0.0,0.0,0.0,,,,0.1,0.0,0.0,8.0
trial_probe_logging_test2,134.0,1.100000023841858,0.0,0.0,0.0,0.0,,,,0.1,0.0,0.0,8.0
trial_probe_logging_test2,136.0,1.100000023841858,0.0,0.0,0.0,0.0,,,,0.1,0.0,0.0,8.0
trial_probe_logging_test2,137.0,1.100000023841858,0.0,0.0,0.0,0.0,,,,0.1,0.0,0.0,8.0
trial_probe_logging_test2,138.0,1.100000023841858,0.0,0.0,0.0,0.0,,,,0.1,0.0,0.0,8.0
trial_probe_logging_test2,141.0,1.0499999523162842,-0.037070177495479584,-0.037070177495479584,0.0707106962800026,0.0,,,,0.05,0.9999997019767761,0.0,8.0
trial_probe_logging_test2,143.0,0.10000000149011612,0.0,0.0,0.0,0.0,,,,0.1,0.0,0.0,8.0
trial_probe_logging_test2,144.0,1.100000023841858,0.0,0.0,0.0,0.0,,,,0.1,0.0,0.0,8.0
trial_probe_logging_test2,146.0,1.100000023841858,0.0,0.0,0.0,0.0,,,,0.1,0.0,0.0,8.0
trial_probe_logging_test2,148.0,1.100000023841858,0.0,0.0,0.0,0.0,,,,0.1,0.0,0.0,8.0
trial_probe_logging_test2,150.0,0.10000000149011612,0.0,0.0,0.0,0.0,,,,0.1,0.0,0.0,8.0
trial_probe_logging_test2,151.0,0.10000000149011612,0.0,0.0,0.0,0.0,,,,0.1,0.0,0.0,8.0
trial_probe_logging_test2,154.0,1.100000023841858,0.0,0.0,0.0,0.0,,,,0.1,0.0,0.0,8.0
trial_probe_logging_test2,156.0,1.100000023841858,0.0,0.0,0.0,0.0,,,,0.1,0.0,0.0,8.0
trial_probe_logging_test2,158.0,1.100000023841858,0.0,0.0,0.0,0.0,,,,0.1,0.0,0.0,8.0
trial_probe_logging_test2,160.0,1.100000023841858,0.0,0.0,0.0,0.0,,,,0.1,0.0,0.0,8.0
trial_probe_logging_test2,162.0,1.0499999523162842,-0.008760413154959679,-0.008760413154959679,0.0707106962800026,0.0,,,,0.05,0.9999995231628418,0.0,8.0
trial_probe_logging_test2,163.0,1.100000023841858,0.0,0.0,0.0,0.0,,,,0.1,0.0,0.0,8.0
trial_probe_logging_test2,164.0,1.0499999523162842,0.01884770579636097,0.01884770579636097,0.0707106962800026,0.0,,,,0.05,0.9999995827674866,0.0,8.0
trial_probe_logging_test2,167.0,0.10000000149011612,0.0,0.0,0.0,0.0,,,,0.1,0.0,0.0,8.0
trial_probe_logging_test2,168.0,1.100000023841858,0.0,0.0,0.0,0.0,,,,0.1,0.0,0.0,8.0
trial_probe_logging_test2,170.0,1.100000023841858,0.0,0.0,0.0,0.0,,,,0.1,0.0,0.0,8.0
trial_probe_logging_test2,171.0,0.10000000149011612,0.0,0.0,0.0,0.0,,,,0.1,0.0,0.0,8.0
trial_probe_logging_test2,172.0,0.10000000149011612,0.0,0.0,0.0,0.0,,,,0.1,0.0,0.0,8.0
trial_probe_logging_test2,173.0,0.6000000238418579,-0.23272705078125,-0.23272705078125,0.7071067690849304,0.0,,,,0.1,0.9999998807907104,0.0,8.0
trial_probe_logging_test2,175.0,1.100000023841858,0.0,0.0,0.0,0.0,,,,0.1,0.0,0.0,8.0
trial_probe_logging_test2,177.0,0.10000000149011612,0.0,0.0,0.0,0.0,,,,0.1,0.0,0.0,8.0
trial_probe_logging_test2,178.0,1.100000023841858,0.0,0.0,0.0,0.0,,,,0.1,0.0,0.0,8.0
trial_probe_logging_test2,181.0,1.100000023841858,0.0,0.0,0.0,0.0,,,,0.1,0.0,0.0,8.0
trial_probe_logging_test2,183.0,0.10000000149011612,0.0,0.0,0.0,0.0,,,,0.1,0.0,0.0,8.0
trial_probe_logging_test2,186.0,0.10000000149011612,0.0,0.0,0.0,0.0,,,,0.1,0.0,0.0,8.0
trial_probe_logging_test2,187.0,1.100000023841858,0.0,0.0,0.0,0.0,,,,0.1,0.0,0.0,8.0
trial_probe_logging_test2,189.0,0.10000000149011612,0.0,0.0,0.0,0.0,,,,0.1,0.0,0.0,8.0
trial_probe_logging_test2,190.0,1.100000023841858,0.0,0.0,0.0,0.0,,,,0.1,0.0,0.0,8.0
trial_probe_logging_test2,191.0,1.100000023841858,0.0,0.0,0.0,0.0,,,,0.1,0.0,0.0,8.0
trial_probe_logging_test2,194.0,1.100000023841858,0.0,0.0,0.0,0.0,,,,0.1,0.0,0.0,8.0
trial_probe_logging_test2,195.0,1.0499999523162842,-0.014619349502027035,-0.014619349502027035,0.0707106962800026,0.0,,,,0.05,0.9999995231628418,0.0,8.0
trial_probe_logging_test2,196.0,0.10000000149011612,0.0,0.0,0.0,0.0,,,,0.1,0.0,0.0,8.0
trial_probe_logging_test2,199.0,1.100000023841858,0.0,0.0,0.0,0.0,,,,0.1,0.0,0.0,8.0
trial_probe_logging_test2,202.0,1.100000023841858,0.0,0.0,0.0,0.0,,,,0.1,0.0,0.0,8.0
trial_probe_logging_test2,203.0,1.100000023841858,0.0,0.0,0.0,0.0,,,,0.1,0.0,0.0,8.0
trial_probe_logging_test2,204.0,1.100000023841858,0.0,0.0,0.0,0.0,,,,0.1,0.0,0.0,8.0
trial_probe_logging_test2,206.0,0.10000000149011612,0.0,0.0,0.0,0.0,,,,0.1,0.0,0.0,8.0
trial_probe_logging_test2,207.0,1.100000023841858,0.0,0.0,0.0,0.0,,,,0.1,0.0,0.0,8.0
trial_probe_logging_test2,208.0,1.0499999523162842,-0.04384876415133476,-0.04384876415133476,0.0707106962800026,0.0,,,,0.05,0.9999995231628418,0.0,8.0
trial_probe_logging_test2,209.0,0.10000000149011612,0.0,0.0,0.0,0.0,,,,0.1,0.0,0.0,8.0
trial_probe_logging_test2,210.0,0.10000000149011612,0.0,0.0,0.0,0.0,,,,0.1,0.0,0.0,8.0
trial_probe_logging_test2,213.0,0.10000000149011612,0.0,0.0,0.0,0.0,,,,0.1,0.0,0.0,8.0
trial_probe_logging_test2,214.0,0.10000000149011612,0.0,0.0,0.0,0.0,,,,0.1,0.0,0.0,8.0
trial_probe_logging_test2,215.0,1.100000023841858,0.0,0.0,0.0,0.0,,,,0.1,0.0,0.0,8.0
trial_probe_logging_test2,216.0,0.10000000149011612,0.0,0.0,0.0,0.0,,,,0.1,0.0,0.0,8.0
trial_probe_logging_test2,218.0,1.100000023841858,0.0,0.0,0.0,0.0,,,,0.1,0.0,0.0,8.0
trial_probe_logging_test2,219.0,0.10000000149011612,0.0,0.0,0.0,0.0,,,,0.1,0.0,0.0,8.0
trial_probe_logging_test2,220.0,1.100000023841858,0.0,0.0,0.0,0.0,,,,0.1,0.0,0.0,8.0
trial_probe_logging_test2,221.0,1.100000023841858,0.0,0.0,0.0,0.0,,,,0.1,0.0,0.0,8.0
trial_probe_logging_test2,222.0,1.100000023841858,0.0,0.0,0.0,0.0,,,,0.1,0.0,0.0,8.0
trial_probe_logging_test2,223.0,0.550000011920929,-0.9173828363418579,-0.9173828363418579,0.7778174877166748,0.0,,,,0.05,0.9999999403953552,0.0,8.0
trial_probe_logging_test2,226.0,1.100000023841858,0.0,0.0,0.0,0.0,,,,0.1,0.0,0.0,8.0
trial_probe_logging_test2,227.0,1.100000023841858,0.0,0.0,0.0,0.0,,,,0.1,0.0,0.0,8.0
trial_probe_logging_test2,229.0,1.100000023841858,0.0,0.0,0.0,0.0,,,,0.1,0.0,0.0,8.0
trial_probe_logging_test2,231.0,1.100000023841858,0.0,0.0,0.0,0.0,,,,0.1,0.0,0.0,8.0
trial_probe_logging_test2,232.0,1.100000023841858,0.0,0.0,0.0,0.0,,,,0.1,0.0,0.0,8.0
trial_probe_logging_test2,233.0,1.100000023841858,0.0,0.0,0.0,0.0,,,,0.1,0.0,0.0,8.0
trial_probe_logging_test2,234.0,0.6000000238418579,-0.099365234375,-0.099365234375,0.7071067690849304,0.0,,,,0.1,0.9999999403953552,0.0,8.0
trial_probe_logging_test2,235.0,0.10000000149011612,0.0,0.0,0.0,0.0,,,,0.1,0.0,0.0,8.0
trial_probe_logging_test2,236.0,1.100000023841858,0.0,0.0,0.0,0.0,,,,0.1,0.0,0.0,8.0
trial_probe_logging_test2,237.0,1.100000023841858,0.0,0.0,0.0,0.0,,,,0.1,0.0,0.0,8.0
trial_probe_logging_test2,239.0,0.10000000149011612,0.0,0.0,0.0,0.0,,,,0.1,0.0,0.0,8.0
trial_probe_logging_test2,241.0,0.10000000149011612,0.0,0.0,0.0,0.0,,,,0.1,0.0,0.0,8.0
trial_probe_logging_test2,242.0,0.10000000149011612,0.0,0.0,0.0,0.0,,,,0.1,0.0,0.0,8.0
trial_probe_logging_test2,243.0,1.100000023841858,0.0,0.0,0.0,0.0,,,,0.1,0.0,0.0,8.0
trial_probe_logging_test2,245.0,1.100000023841858,0.0,0.0,0.0,0.0,,,,0.1,0.0,0.0,8.0
trial_probe_logging_test2,248.0,1.100000023841858,0.0,0.0,0.0,0.0,,,,0.1,0.0,0.0,8.0
trial_probe_logging_test2,249.0,1.100000023841858,0.0,0.0,0.0,0.0,,,,0.1,0.0,0.0,8.0
trial_probe_logging_test2,250.0,1.100000023841858,0.0,0.0,0.0,0.0,,,,0.1,0.0,0.0,8.0
trial_probe_logging_test2,252.0,1.100000023841858,0.0,0.0,0.0,0.0,,,,0.1,0.0,0.0,8.0
trial_probe_logging_test2,253.0,1.100000023841858,0.0,0.0,0.0,0.0,,,,0.1,0.0,0.0,8.0
trial_probe_logging_test2,254.0,1.100000023841858,0.0,0.0,0.0,0.0,,,,0.1,0.0,0.0,8.0
trial_probe_logging_test2,259.0,0.6000000238418579,-0.4472649097442627,-0.4472649097442627,0.7071067690849304,0.0,,,,0.1,0.9999999403953552,0.0,8.0
trial_probe_logging_test2,260.0,0.10000000149011612,0.0,0.0,0.0,0.0,,,,0.1,0.0,0.0,8.0
trial_probe_logging_test2,261.0,1.100000023841858,0.0,0.0,0.0,0.0,,,,0.1,0.0,0.0,8.0
trial_probe_logging_test2,262.0,1.100000023841858,0.0,0.0,0.0,0.0,,,,0.1,0.0,0.0,8.0
trial_probe_logging_test2,263.0,1.100000023841858,0.0,0.0,0.0,0.0,,,,0.1,0.0,0.0,8.0
trial_probe_logging_test2,265.0,1.100000023841858,0.0,0.0,0.0,0.0,,,,0.1,0.0,0.0,8.0
trial_probe_logging_test2,266.0,0.10000000149011612,0.0,0.0,0.0,0.0,,,,0.1,0.0,0.0,8.0
trial_probe_logging_test2,268.0,0.10000000149011612,0.0,0.0,0.0,0.0,,,,0.1,0.0,0.0,8.0
trial_probe_logging_test2,270.0,1.100000023841858,0.0,0.0,0.0,0.0,,,,0.1,0.0,0.0,8.0
trial_probe_logging_test2,271.0,0.10000000149011612,0.0,0.0,0.0,0.0,,,,0.1,0.0,0.0,8.0
trial_probe_logging_test2,272.0,0.10000000149011612,0.0,0.0,0.0,0.0,,,,0.1,0.0,0.0,8.0
trial_probe_logging_test2,273.0,1.100000023841858,0.0,0.0,0.0,0.0,,,,0.1,0.0,0.0,8.0
trial_probe_logging_test2,274.0,1.100000023841858,0.0,0.0,0.0,0.0,,,,0.1,0.0,0.0,8.0
trial_probe_logging_test2,275.0,0.10000000149011612,0.0,0.0,0.0,0.0,,,,0.1,0.0,0.0,8.0
trial_probe_logging_test2,277.0,1.100000023841858,0.0,0.0,0.0,0.0,,,,0.1,0.0,0.0,8.0
trial_probe_logging_test2,280.0,1.100000023841858,0.0,0.0,0.0,0.0,,,,0.1,0.0,0.0,8.0
trial_probe_logging_test2,282.0,0.10000000149011612,0.0,0.0,0.0,0.0,,,,0.1,0.0,0.0,8.0
trial_probe_logging_test2,283.0,0.10000000149011612,0.0,0.0,0.0,0.0,,,,0.1,0.0,0.0,8.0
trial_probe_logging_test2,284.0,1.100000023841858,0.0,0.0,0.0,0.0,,,,0.1,0.0,0.0,8.0
trial_probe_logging_test2,286.0,0.10000000149011612,0.0,0.0,0.0,0.0,,,,0.1,0.0,0.0,8.0
trial_probe_logging_test2,287.0,1.100000023841858,0.0,0.0,0.0,0.0,,,,0.1,0.0,0.0,8.0
trial_probe_logging_test2,291.0,0.6000000238418579,-0.03656005859375,-0.03656005859375,0.7071067690849304,0.0,,,,0.1,0.9999998807907104,0.0,8.0
trial_probe_logging_test2,292.0,0.10000000149011612,0.0,0.0,0.0,0.0,,,,0.1,0.0,0.0,8.0
trial_probe_logging_test2,293.0,1.100000023841858,0.0,0.0,0.0,0.0,,,,0.1,0.0,0.0,8.0
trial_probe_logging_test2,294.0,1.100000023841858,0.0,0.0,0.0,0.0,,,,0.1,0.0,0.0,8.0
trial_probe_logging_test2,295.0,0.10000000149011612,0.0,0.0,0.0,0.0,,,,0.1,0.0,0.0,8.0
trial_probe_logging_test2,301.0,0.10000000149011612,0.0,0.0,0.0,0.0,,,,0.1,0.0,0.0,8.0
trial_probe_logging_test2,303.0,1.100000023841858,0.0,0.0,0.0,0.0,,,,0.1,0.0,0.0,8.0
trial_probe_logging_test2,304.0,0.6000000238418579,-0.25158944725990295,-0.25158944725990295,0.7071067690849304,0.0,,,,0.1,0.9999999403953552,0.0,8.0
trial_probe_logging_test2,305.0,1.100000023841858,0.0,0.0,0.0,0.0,,,,0.1,0.0,0.0,8.0
trial_probe_logging_test2,311.0,0.10000000149011612,0.0,0.0,0.0,0.0,,,,0.1,0.0,0.0,8.0
trial_probe_logging_test2,312.0,1.100000023841858,0.0,0.0,0.0,0.0,,,,0.1,0.0,0.0,17.0
trial_probe_logging_test2,314.0,1.100000023841858,0.0,0.0,0.0,0.0,,,,0.1,0.0,0.0,8.0
trial_probe_logging_test2,315.0,0.10000000149011612,0.0,0.0,0.0,0.0,,,,0.1,0.0,0.0,8.0
trial_probe_logging_test2,317.0,1.0499999523162842,-0.09799056500196457,-0.09799056500196457,0.0707106962800026,0.0,,,,0.05,0.9999998211860657,0.0,17.0
trial_probe_logging_test2,318.0,1.100000023841858,0.0,0.0,0.0,0.0,,,,0.1,0.0,0.0,8.0
trial_probe_logging_test2,319.0,1.100000023841858,0.0,0.0,0.0,0.0,,,,0.1,0.0,0.0,8.0
trial_probe_logging_test2,321.0,0.10000000149011612,0.0,0.0,0.0,0.0,,,,0.1,0.0,0.0,8.0
trial_probe_logging_test2,322.0,1.100000023841858,0.0,0.0,0.0,0.0,,,,0.1,0.0,0.0,8.0
trial_probe_logging_test2,323.0,1.100000023841858,0.0,0.0,0.0,0.0,,,,0.1,0.0,0.0,8.0
trial_probe_logging_test2,324.0,1.100000023841858,0.0,0.0,0.0,0.0,,,,0.1,0.0,0.0,8.0
trial_probe_logging_test2,325.0,1.100000023841858,0.0,0.0,0.0,0.0,,,,0.1,0.0,0.0,8.0
trial_probe_logging_test2,326.0,1.100000023841858,0.0,0.0,0.0,0.0,,,,0.1,0.0,0.0,8.0
trial_probe_logging_test2,327.0,0.10000000149011612,0.0,0.0,0.0,0.0,,,,0.1,0.0,0.0,8.0
trial_probe_logging_test2,328.0,0.10000000149011612,0.0,0.0,0.0,0.0,,,,0.1,0.0,0.0,8.0
trial_probe_logging_test2,331.0,0.10000000149011612,0.0,0.0,0.0,0.0,,,,0.1,0.0,0.0,8.0
trial_probe_logging_test2,332.0,0.10000000149011612,0.0,0.0,0.0,0.0,,,,0.1,0.0,0.0,8.0
trial_probe_logging_test2,333.0,0.10000000149011612,0.0,0.0,0.0,0.0,,,,0.1,0.0,0.0,8.0
trial_probe_logging_test2,334.0,0.10000000149011612,0.0,0.0,0.0,0.0,,,,0.1,0.0,0.0,8.0
trial_probe_logging_test2,338.0,1.100000023841858,0.0,0.0,0.0,0.0,,,,0.1,0.0,0.0,8.0
trial_probe_logging_test2,341.0,1.100000023841858,0.0,0.0,0.0,0.0,,,,0.1,0.0,0.0,8.0
trial_probe_logging_test2,342.0,0.10000000149011612,0.0,0.0,0.0,0.0,,,,0.1,0.0,0.0,8.0
trial_probe_logging_test2,345.0,1.100000023841858,0.0,0.0,0.0,0.0,,,,0.1,0.0,0.0,8.0
trial_probe_logging_test2,347.0,0.10000000149011612,0.0,0.0,0.0,0.0,,,,0.1,0.0,0.0,8.0
trial_probe_logging_test2,350.0,0.10000000149011612,0.0,0.0,0.0,0.0,,,,0.1,0.0,0.0,8.0
trial_probe_logging_test2,352.0,1.100000023841858,0.0,0.0,0.0,0.0,,,,0.1,0.0,0.0,8.0
trial_probe_logging_test2,353.0,1.100000023841858,0.0,0.0,0.0,0.0,,,,0.1,0.0,0.0,8.0
trial_probe_logging_test2,354.0,0.10000000149011612,0.0,0.0,0.0,0.0,,,,0.1,0.0,0.0,8.0
trial_probe_logging_test2,355.0,1.100000023841858,0.0,0.0,0.0,0.0,,,,0.1,0.0,0.0,8.0
trial_probe_logging_test2,358.0,1.100000023841858,0.0,0.0,0.0,0.0,,,,0.1,0.0,0.0,8.0
trial_probe_logging_test2,359.0,0.10000000149011612,0.0,0.0,0.0,0.0,,,,0.1,0.0,0.0,8.0
trial_probe_logging_test2,361.0,1.100000023841858,0.0,0.0,0.0,0.0,,,,0.1,0.0,0.0,8.0
trial_probe_logging_test2,362.0,1.100000023841858,0.0,0.0,0.0,0.0,,,,0.1,0.0,0.0,8.0
trial_probe_logging_test2,363.0,0.10000000149011612,0.0,0.0,0.0,0.0,,,,0.1,0.0,0.0,8.0
trial_probe_logging_test2,364.0,0.10000000149011612,0.0,0.0,0.0,0.0,,,,0.1,0.0,0.0,8.0
trial_probe_logging_test2,365.0,1.100000023841858,0.0,0.0,0.0,0.0,,,,0.1,0.0,0.0,8.0
trial_probe_logging_test2,367.0,0.10000000149011612,0.0,0.0,0.0,0.0,,,,0.1,0.0,0.0,8.0
trial_probe_logging_test2,370.0,0.10000000149011612,0.0,0.0,0.0,0.0,,,,0.1,0.0,0.0,23.0
trial_probe_logging_test2,371.0,1.100000023841858,0.0,0.0,0.0,0.0,,,,0.1,0.0,0.0,8.0
trial_probe_logging_test2,373.0,1.100000023841858,0.0,0.0,0.0,0.0,,,,0.1,0.0,0.0,8.0
trial_probe_logging_test2,376.0,0.10000000149011612,0.0,0.0,0.0,0.0,,,,0.1,0.0,0.0,8.0
trial_probe_logging_test2,380.0,0.10000000149011612,0.0,0.0,0.0,0.0,,,,0.1,0.0,0.0,8.0
trial_probe_logging_test2,382.0,1.100000023841858,0.0,0.0,0.0,0.0,,,,0.1,0.0,0.0,8.0
trial_probe_logging_test2,383.0,1.100000023841858,0.0,0.0,0.0,0.0,,,,0.1,0.0,0.0,8.0
trial_probe_logging_test2,384.0,1.100000023841858,0.0,0.0,0.0,0.0,,,,0.1,0.0,0.0,8.0
trial_probe_logging_test2,385.0,1.100000023841858,0.0,0.0,0.0,0.0,,,,0.1,0.0,0.0,8.0
trial_probe_logging_test2,386.0,1.100000023841858,0.0,0.0,0.0,0.0,,,,0.1,0.0,0.0,8.0
trial_probe_logging_test2,387.0,0.10000000149011612,0.0,0.0,0.0,0.0,,,,0.1,0.0,0.0,8.0
trial_probe_logging_test2,390.0,0.10000000149011612,0.0,0.0,0.0,0.0,,,,0.1,0.0,0.0,8.0
trial_probe_logging_test2,391.0,1.100000023841858,0.0,0.0,0.0,0.0,,,,0.1,0.0,0.0,8.0
trial_probe_logging_test2,394.0,0.10000000149011612,0.0,0.0,0.0,0.0,,,,0.1,0.0,0.0,8.0
trial_probe_logging_test2,397.0,0.6000000238418579,-0.030284762382507324,-0.030284762382507324,0.7071067690849304,0.0,,,,0.1,0.9999999403953552,0.0,8.0
trial_probe_logging_test2,399.0,1.100000023841858,0.0,0.0,0.0,0.0,,,,0.1,0.0,0.0,8.0
trial_probe_logging_test2,401.0,1.100000023841858,0.0,0.0,0.0,0.0,,,,0.1,0.0,0.0,8.0
trial_probe_logging_test2,402.0,1.100000023841858,0.0,0.0,0.0,0.0,,,,0.1,0.0,0.0,8.0
trial_probe_logging_test2,403.0,1.100000023841858,0.0,0.0,0.0,0.0,,,,0.1,0.0,0.0,8.0
trial_probe_logging_test2,404.0,1.100000023841858,0.0,0.0,0.0,0.0,,,,0.1,0.0,0.0,8.0
trial_probe_logging_test2,405.0,0.10000000149011612,0.0,0.0,0.0,0.0,,,,0.1,0.0,0.0,8.0
trial_probe_logging_test2,406.0,0.10000000149011612,0.0,0.0,0.0,0.0,,,,0.1,0.0,0.0,8.0
trial_probe_logging_test2,407.0,1.100000023841858,0.0,0.0,0.0,0.0,,,,0.1,0.0,0.0,8.0
trial_probe_logging_test2,408.0,1.100000023841858,0.0,0.0,0.0,0.0,,,,0.1,0.0,0.0,8.0
trial_probe_logging_test2,410.0,0.10000000149011612,0.0,0.0,0.0,0.0,,,,0.1,0.0,0.0,8.0
trial_probe_logging_test2,411.0,1.100000023841858,0.0,0.0,0.0,0.0,,,,0.1,0.0,0.0,8.0
trial_probe_logging_test2,413.0,0.10000000149011612,0.0,0.0,0.0,0.0,,,,0.1,0.0,0.0,8.0
trial_probe_logging_test2,414.0,1.100000023841858,0.0,0.0,0.0,0.0,,,,0.1,0.0,0.0,8.0
trial_probe_logging_test2,415.0,1.100000023841858,0.0,0.0,0.0,0.0,,,,0.1,0.0,0.0,8.0
trial_probe_logging_test2,416.0,1.100000023841858,0.0,0.0,0.0,0.0,,,,0.1,0.0,0.0,8.0
trial_probe_logging_test2,419.0,0.10000000149011612,0.0,0.0,0.0,0.0,,,,0.1,0.0,0.0,8.0
trial_probe_logging_test2,421.0,0.10000000149011612,0.0,0.0,0.0,0.0,,,,0.1,0.0,0.0,8.0
trial_probe_logging_test2,422.0,1.100000023841858,0.0,0.0,0.0,0.0,,,,0.1,0.0,0.0,8.0
trial_probe_logging_test2,423.0,1.100000023841858,0.0,0.0,0.0,0.0,,,,0.1,0.0,0.0,8.0
trial_probe_logging_test2,424.0,1.100000023841858,0.0,0.0,0.0,0.0,,,,0.1,0.0,0.0,8.0
trial_probe_logging_test2,426.0,0.10000000149011612,0.0,0.0,0.0,0.0,,,,0.1,0.0,0.0,8.0
trial_probe_logging_test2,428.0,1.100000023841858,0.0,0.0,0.0,0.0,,,,0.1,0.0,0.0,8.0
trial_probe_logging_test2,429.0,1.100000023841858,0.0,0.0,0.0,0.0,,,,0.1,0.0,0.0,8.0
trial_probe_logging_test2,430.0,0.6000000238418579,-0.6131038665771484,-0.6131038665771484,0.7071067690849304,0.0,,,,0.1,0.9999999403953552,0.0,8.0
trial_probe_logging_test2,431.0,1.100000023841858,0.0,0.0,0.0,0.0,,,,0.1,0.0,0.0,8.0
trial_probe_logging_test2,432.0,1.100000023841858,0.0,0.0,0.0,0.0,,,,0.1,0.0,0.0,8.0
trial_probe_logging_test2,442.0,0.10000000149011612,0.0,0.0,0.0,0.0,,,,0.1,0.0,0.0,8.0
trial_probe_logging_test2,444.0,0.10000000149011612,0.0,0.0,0.0,0.0,,,,0.1,0.0,0.0,8.0
trial_probe_logging_test2,445.0,0.10000000149011612,0.0,0.0,0.0,0.0,,,,0.1,0.0,0.0,8.0
trial_probe_logging_test2,446.0,0.6000000238418579,-0.3630828857421875,-0.3630828857421875,0.7071067690849304,0.0,,,,0.1,0.9999999403953552,0.0,8.0
trial_probe_logging_test2,448.0,1.100000023841858,0.0,0.0,0.0,0.0,,,,0.1,0.0,0.0,8.0
trial_probe_logging_test2,451.0,0.6000000238418579,0.099639892578125,0.099639892578125,0.7071067690849304,0.0,,,,0.1,0.9999999403953552,0.0,8.0
trial_probe_logging_test2,452.0,0.10000000149011612,0.0,0.0,0.0,0.0,,,,0.1,0.0,0.0,8.0
trial_probe_logging_test2,454.0,1.100000023841858,0.0,0.0,0.0,0.0,,,,0.1,0.0,0.0,8.0
trial_probe_logging_test2,455.0,0.10000000149011612,0.0,0.0,0.0,0.0,,,,0.1,0.0,0.0,8.0
trial_probe_logging_test2,456.0,0.10000000149011612,0.0,0.0,0.0,0.0,,,,0.1,0.0,0.0,8.0
trial_probe_logging_test2,457.0,0.10000000149011612,0.0,0.0,0.0,0.0,,,,0.1,0.0,0.0,8.0
trial_probe_logging_test2,458.0,1.100000023841858,0.0,0.0,0.0,0.0,,,,0.1,0.0,0.0,8.0
trial_probe_logging_test2,459.0,1.100000023841858,0.0,0.0,0.0,0.0,,,,0.1,0.0,0.0,8.0
trial_probe_logging_test2,460.0,0.10000000149011612,0.0,0.0,0.0,0.0,,,,0.1,0.0,0.0,8.0
trial_probe_logging_test2,461.0,1.100000023841858,0.0,0.0,0.0,0.0,,,,0.1,0.0,0.0,8.0
trial_probe_logging_test2,462.0,0.10000000149011612,0.0,0.0,0.0,0.0,,,,0.1,0.0,0.0,8.0
trial_probe_logging_test2,463.0,1.100000023841858,0.0,0.0,0.0,0.0,,,,0.1,0.0,0.0,8.0
trial_probe_logging_test2,465.0,1.100000023841858,0.0,0.0,0.0,0.0,,,,0.1,0.0,0.0,8.0
trial_probe_logging_test2,469.0,0.10000000149011612,0.0,0.0,0.0,0.0,,,,0.1,0.0,0.0,8.0
trial_probe_logging_test2,472.0,1.100000023841858,0.0,0.0,0.0,0.0,,,,0.1,0.0,0.0,8.0
trial_probe_logging_test2,473.0,0.10000000149011612,0.0,0.0,0.0,0.0,,,,0.1,0.0,0.0,8.0
trial_probe_logging_test2,475.0,1.100000023841858,0.0,0.0,0.0,0.0,,,,0.1,0.0,0.0,8.0
trial_probe_logging_test2,477.0,1.100000023841858,0.0,0.0,0.0,0.0,,,,0.1,0.0,0.0,8.0
trial_probe_logging_test2,480.0,0.10000000149011612,0.0,0.0,0.0,0.0,,,,0.1,0.0,0.0,8.0
trial_probe_logging_test2,481.0,1.100000023841858,0.0,0.0,0.0,0.0,,,,0.1,0.0,0.0,8.0
trial_probe_logging_test2,482.0,1.100000023841858,0.0,0.0,0.0,0.0,,,,0.1,0.0,0.0,8.0
trial_probe_logging_test2,485.0,1.100000023841858,0.0,0.0,0.0,0.0,,,,0.1,0.0,0.0,8.0
trial_probe_logging_test2,486.0,1.100000023841858,0.0,0.0,0.0,0.0,,,,0.1,0.0,0.0,8.0
trial_probe_logging_test2,487.0,1.100000023841858,0.0,0.0,0.0,0.0,,,,0.1,0.0,0.0,8.0
trial_probe_logging_test2,489.0,1.100000023841858,0.0,0.0,0.0,0.0,,,,0.1,0.0,0.0,8.0
trial_probe_logging_test2,491.0,1.100000023841858,0.0,0.0,0.0,0.0,,,,0.1,0.0,0.0,8.0
trial_probe_logging_test2,494.0,1.100000023841858,0.0,0.0,0.0,0.0,,,,0.1,0.0,0.0,8.0
trial_probe_logging_test2,496.0,0.10000000149011612,0.0,0.0,0.0,0.0,,,,0.1,0.0,0.0,8.0
trial_probe_logging_test2,497.0,1.100000023841858,0.0,0.0,0.0,0.0,,,,0.1,0.0,0.0,8.0
trial_probe_logging_test2,498.0,1.100000023841858,0.0,0.0,0.0,0.0,,,,0.1,0.0,0.0,8.0
trial_probe_logging_test2,499.0,1.100000023841858,0.0,0.0,0.0,0.0,,,,0.1,0.0,0.0,8.0
trial_probe_logging_test2,504.0,1.100000023841858,0.0,0.0,0.0,0.0,,,,0.1,0.0,0.0,8.0
trial_probe_logging_test2,505.0,0.10000000149011612,0.0,0.0,0.0,0.0,,,,0.1,0.0,0.0,8.0
trial_probe_logging_test2,506.0,0.10000000149011612,0.0,0.0,0.0,0.0,,,,0.1,0.0,0.0,8.0
trial_probe_logging_test2,507.0,1.100000023841858,0.0,0.0,0.0,0.0,,,,0.1,0.0,0.0,8.0
trial_probe_logging_test2,509.0,0.10000000149011612,0.0,0.0,0.0,0.0,,,,0.1,0.0,0.0,8.0
trial_probe_logging_test2,510.0,0.10000000149011612,0.0,0.0,0.0,0.0,,,,0.1,0.0,0.0,8.0
trial_probe_logging_test2,511.0,1.100000023841858,0.0,0.0,0.0,0.0,,,,0.1,0.0,0.0,8.0
trial_probe_logging_test2,513.0,1.100000023841858,0.0,0.0,0.0,0.0,,,,0.1,0.0,0.0,8.0
trial_probe_logging_test2,515.0,0.10000000149011612,0.0,0.0,0.0,0.0,,,,0.1,0.0,0.0,20.0
trial_probe_logging_test2,516.0,0.10000000149011612,0.0,0.0,0.0,0.0,,,,0.1,0.0,0.0,8.0
trial_probe_logging_test2,522.0,1.100000023841858,0.0,0.0,0.0,0.0,,,,0.1,0.0,0.0,8.0
trial_probe_logging_test2,523.0,1.100000023841858,0.0,0.0,0.0,0.0,,,,0.1,0.0,0.0,8.0
trial_probe_logging_test2,526.0,0.6000000238418579,0.118408203125,0.118408203125,0.7071067690849304,0.0,,,,0.1,1.0,0.0,8.0
trial_probe_logging_test2,527.0,1.100000023841858,0.0,0.0,0.0,0.0,,,,0.1,0.0,0.0,8.0
trial_probe_logging_test2,529.0,1.0,0.0,0.0,0.0,0.0,,,,0.0,0.0,0.0,17.0
trial_probe_logging_test2,530.0,1.100000023841858,0.0,0.0,0.0,0.0,,,,0.1,0.0,0.0,8.0
trial_probe_logging_test2,531.0,0.10000000149011612,0.0,0.0,0.0,0.0,,,,0.1,0.0,0.0,8.0
trial_probe_logging_test2,532.0,0.10000000149011612,0.0,0.0,0.0,0.0,,,,0.1,0.0,0.0,8.0
trial_probe_logging_test2,535.0,1.100000023841858,0.0,0.0,0.0,0.0,,,,0.1,0.0,0.0,8.0
trial_probe_logging_test2,536.0,0.10000000149011612,0.0,0.0,0.0,0.0,,,,0.1,0.0,0.0,8.0
trial_probe_logging_test2,537.0,1.100000023841858,0.0,0.0,0.0,0.0,,,,0.1,0.0,0.0,8.0
trial_probe_logging_test2,539.0,1.100000023841858,0.0,0.0,0.0,0.0,,,,0.1,0.0,0.0,8.0
trial_probe_logging_test2,540.0,0.10000000149011612,0.0,0.0,0.0,0.0,,,,0.1,0.0,0.0,8.0
trial_probe_logging_test2,541.0,1.100000023841858,0.0,0.0,0.0,0.0,,,,0.1,0.0,0.0,8.0
trial_probe_logging_test2,542.0,1.100000023841858,0.0,0.0,0.0,0.0,,,,0.1,0.0,0.0,8.0
trial_probe_logging_test2,543.0,1.0499999523162842,-0.0740925744175911,-0.0740925744175911,0.0707106962800026,0.0,,,,0.05,0.9999995231628418,0.0,8.0
trial_probe_logging_test2,544.0,1.100000023841858,0.0,0.0,0.0,0.0,,,,0.1,0.0,0.0,8.0
trial_probe_logging_test2,545.0,0.6000000238418579,-0.1338197886943817,-0.1338197886943817,0.7071067690849304,0.0,,,,0.1,1.0,0.0,8.0
trial_probe_logging_test2,547.0,1.100000023841858,0.0,0.0,0.0,0.0,,,,0.1,0.0,0.0,8.0
trial_probe_logging_test2,548.0,0.10000000149011612,0.0,0.0,0.0,0.0,,,,0.1,0.0,0.0,8.0
trial_probe_logging_test2,549.0,1.100000023841858,0.0,0.0,0.0,0.0,,,,0.1,0.0,0.0,8.0
trial_probe_logging_test2,551.0,1.100000023841858,0.0,0.0,0.0,0.0,,,,0.1,0.0,0.0,8.0
trial_probe_logging_test2,552.0,1.100000023841858,0.0,0.0,0.0,0.0,,,,0.1,0.0,0.0,8.0
trial_probe_logging_test2,553.0,0.10000000149011612,0.0,0.0,0.0,0.0,,,,0.1,0.0,0.0,8.0
trial_probe_logging_test2,554.0,1.100000023841858,0.0,0.0,0.0,0.0,,,,0.1,0.0,0.0,8.0
trial_probe_logging_test2,555.0,1.100000023841858,0.0,0.0,0.0,0.0,,,,0.1,0.0,0.0,8.0
trial_probe_logging_test2,556.0,1.100000023841858,0.0,0.0,0.0,0.0,,,,0.1,0.0,0.0,8.0
trial_probe_logging_test2,559.0,1.100000023841858,0.0,0.0,0.0,0.0,,,,0.1,0.0,0.0,8.0
trial_probe_logging_test2,560.0,1.100000023841858,0.0,0.0,0.0,0.0,,,,0.1,0.0,0.0,8.0
trial_probe_logging_test2,562.0,0.6000000238418579,0.07031136751174927,0.07031136751174927,0.7071067690849304,0.0,,,,0.1,1.0,0.0,8.0
trial_probe_logging_test2,565.0,0.10000000149011612,0.0,0.0,0.0,0.0,,,,0.1,0.0,0.0,8.0
trial_probe_logging_test2,568.0,1.100000023841858,0.0,0.0,0.0,0.0,,,,0.1,0.0,0.0,8.0
trial_probe_logging_test2,569.0,0.10000000149011612,0.0,0.0,0.0,0.0,,,,0.1,0.0,0.0,8.0
trial_probe_logging_test2,571.0,1.100000023841858,0.0,0.0,0.0,0.0,,,,0.1,0.0,0.0,8.0
trial_probe_logging_test2,574.0,0.10000000149011612,0.0,0.0,0.0,0.0,,,,0.1,0.0,0.0,8.0
trial_probe_logging_test2,576.0,1.100000023841858,0.0,0.0,0.0,0.0,,,,0.1,0.0,0.0,8.0
trial_probe_logging_test2,577.0,0.6000000238418579,-0.31201171875,-0.31201171875,0.7071067690849304,0.0,,,,0.1,0.9999998211860657,0.0,8.0
trial_probe_logging_test2,578.0,1.100000023841858,0.0,0.0,0.0,0.0,,,,0.1,0.0,0.0,8.0
trial_probe_logging_test2,579.0,1.100000023841858,0.0,0.0,0.0,0.0,,,,0.1,0.0,0.0,8.0
trial_probe_logging_test2,581.0,1.100000023841858,0.0,0.0,0.0,0.0,,,,0.1,0.0,0.0,8.0
trial_probe_logging_test2,584.0,1.100000023841858,0.0,0.0,0.0,0.0,,,,0.1,0.0,0.0,8.0
trial_probe_logging_test2,587.0,1.100000023841858,0.0,0.0,0.0,0.0,,,,0.1,0.0,0.0,8.0
trial_probe_logging_test2,588.0,0.10000000149011612,0.0,0.0,0.0,0.0,,,,0.1,0.0,0.0,8.0
trial_probe_logging_test2,590.0,1.100000023841858,0.0,0.0,0.0,0.0,,,,0.1,0.0,0.0,8.0
trial_probe_logging_test2,593.0,0.10000000149011612,0.0,0.0,0.0,0.0,,,,0.1,0.0,0.0,8.0
trial_probe_logging_test2,594.0,1.100000023841858,0.0,0.0,0.0,0.0,,,,0.1,0.0,0.0,8.0
trial_probe_logging_test2,595.0,1.100000023841858,0.0,0.0,0.0,0.0,,,,0.1,0.0,0.0,8.0
trial_probe_logging_test2,596.0,1.100000023841858,0.0,0.0,0.0,0.0,,,,0.1,0.0,0.0,8.0
trial_probe_logging_test2,598.0,1.100000023841858,0.0,0.0,0.0,0.0,,,,0.1,0.0,0.0,8.0
trial_probe_logging_test2,600.0,1.100000023841858,0.0,0.0,0.0,0.0,,,,0.1,0.0,0.0,8.0
trial_probe_logging_test2,601.0,1.100000023841858,0.0,0.0,0.0,0.0,,,,0.1,0.0,0.0,8.0
trial_probe_logging_test2,602.0,1.100000023841858,0.0,0.0,0.0,0.0,,,,0.1,0.0,0.0,8.0
trial_probe_logging_test2,603.0,0.10000000149011612,0.0,0.0,0.0,0.0,,,,0.1,0.0,0.0,11.0
trial_probe_logging_test2,605.0,1.100000023841858,0.0,0.0,0.0,0.0,,,,0.1,0.0,0.0,8.0
trial_probe_logging_test2,606.0,1.100000023841858,0.0,0.0,0.0,0.0,,,,0.1,0.0,0.0,8.0
trial_probe_logging_test2,607.0,0.05000000074505806,-0.6664115190505981,-0.6664115190505981,0.0707106813788414,0.0,,,,0.05,0.9999998807907104,0.0,203.0
trial_probe_logging_test2,613.0,1.100000023841858,0.0,0.0,0.0,0.0,,,,0.1,0.0,0.0,8.0
trial_probe_logging_test2,614.0,1.100000023841858,0.0,0.0,0.0,0.0,,,,0.1,0.0,0.0,8.0
trial_probe_logging_test2,615.0,0.10000000149011612,0.0,0.0,0.0,0.0,,,,0.1,0.0,0.0,8.0
trial_probe_logging_test2,616.0,1.100000023841858,0.0,0.0,0.0,0.0,,,,0.1,0.0,0.0,8.0
trial_probe_logging_test2,617.0,0.10000000149011612,0.0,0.0,0.0,0.0,,,,0.1,0.0,0.0,8.0
trial_probe_logging_test2,618.0,1.100000023841858,0.0,0.0,0.0,0.0,,,,0.1,0.0,0.0,8.0
trial_probe_logging_test2,619.0,1.100000023841858,0.0,0.0,0.0,0.0,,,,0.1,0.0,0.0,8.0
trial_probe_logging_test2,621.0,0.10000000149011612,0.0,0.0,0.0,0.0,,,,0.1,0.0,0.0,8.0
trial_probe_logging_test2,624.0,1.100000023841858,0.0,0.0,0.0,0.0,,,,0.1,0.0,0.0,8.0
trial_probe_logging_test2,628.0,0.10000000149011612,0.0,0.0,0.0,0.0,,,,0.1,0.0,0.0,8.0
trial_probe_logging_test2,629.0,1.100000023841858,0.0,0.0,0.0,0.0,,,,0.1,0.0,0.0,8.0
trial_probe_logging_test2,630.0,1.100000023841858,0.0,0.0,0.0,0.0,,,,0.1,0.0,0.0,8.0
trial_probe_logging_test2,631.0,1.100000023841858,0.0,0.0,0.0,0.0,,,,0.1,0.0,0.0,8.0
trial_probe_logging_test2,633.0,1.100000023841858,0.0,0.0,0.0,0.0,,,,0.1,0.0,0.0,8.0
trial_probe_logging_test2,634.0,1.100000023841858,0.0,0.0,0.0,0.0,,,,0.1,0.0,0.0,8.0
trial_probe_logging_test2,636.0,0.10000000149011612,0.0,0.0,0.0,0.0,,,,0.1,0.0,0.0,8.0
trial_probe_logging_test2,637.0,0.10000000149011612,0.0,0.0,0.0,0.0,,,,0.1,0.0,0.0,8.0
trial_probe_logging_test2,640.0,1.100000023841858,0.0,0.0,0.0,0.0,,,,0.1,0.0,0.0,8.0
trial_probe_logging_test2,641.0,1.100000023841858,0.0,0.0,0.0,0.0,,,,0.1,0.0,0.0,8.0
trial_probe_logging_test2,643.0,1.100000023841858,0.0,0.0,0.0,0.0,,,,0.1,0.0,0.0,8.0
trial_probe_logging_test2,644.0,1.100000023841858,0.0,0.0,0.0,0.0,,,,0.1,0.0,0.0,8.0
trial_probe_logging_test2,645.0,1.100000023841858,0.0,0.0,0.0,0.0,,,,0.1,0.0,0.0,8.0
trial_probe_logging_test2,646.0,1.100000023841858,0.0,0.0,0.0,0.0,,,,0.1,0.0,0.0,8.0
trial_probe_logging_test2,648.0,0.10000000149011612,0.0,0.0,0.0,0.0,,,,0.1,0.0,0.0,8.0
trial_probe_logging_test2,649.0,0.10000000149011612,0.0,0.0,0.0,0.0,,,,0.1,0.0,0.0,8.0
trial_probe_logging_test2,650.0,0.10000000149011612,0.0,0.0,0.0,0.0,,,,0.1,0.0,0.0,8.0
trial_probe_logging_test2,651.0,1.100000023841858,0.0,0.0,0.0,0.0,,,,0.1,0.0,0.0,8.0
trial_probe_logging_test2,652.0,0.10000000149011612,0.0,0.0,0.0,0.0,,,,0.1,0.0,0.0,8.0
trial_probe_logging_test2,653.0,1.100000023841858,0.0,0.0,0.0,0.0,,,,0.1,0.0,0.0,8.0
trial_probe_logging_test2,655.0,1.100000023841858,0.0,0.0,0.0,0.0,,,,0.1,0.0,0.0,8.0
trial_probe_logging_test2,657.0,1.100000023841858,0.0,0.0,0.0,0.0,,,,0.1,0.0,0.0,8.0
trial_probe_logging_test2,658.0,0.10000000149011612,0.0,0.0,0.0,0.0,,,,0.1,0.0,0.0,8.0
trial_probe_logging_test2,659.0,0.10000000149011612,0.0,0.0,0.0,0.0,,,,0.1,0.0,0.0,8.0
trial_probe_logging_test2,660.0,0.10000000149011612,0.0,0.0,0.0,0.0,,,,0.1,0.0,0.0,8.0
trial_probe_logging_test2,661.0,1.100000023841858,0.0,0.0,0.0,0.0,,,,0.1,0.0,0.0,8.0
trial_probe_logging_test2,662.0,1.100000023841858,0.0,0.0,0.0,0.0,,,,0.1,0.0,0.0,8.0
trial_probe_logging_test2,663.0,1.100000023841858,0.0,0.0,0.0,0.0,,,,0.1,0.0,0.0,8.0
trial_probe_logging_test2,665.0,1.100000023841858,0.0,0.0,0.0,0.0,,,,0.1,0.0,0.0,8.0
trial_probe_logging_test2,667.0,0.10000000149011612,0.0,0.0,0.0,0.0,,,,0.1,0.0,0.0,8.0
trial_probe_logging_test2,668.0,0.05000000074505806,-0.06253661960363388,-0.06253661960363388,0.0707106813788414,0.0,,,,0.05,0.9999995231628418,0.0,8.0
trial_probe_logging_test2,670.0,1.100000023841858,0.0,0.0,0.0,0.0,,,,0.1,0.0,0.0,8.0
trial_probe_logging_test2,671.0,1.100000023841858,0.0,0.0,0.0,0.0,,,,0.1,0.0,0.0,8.0
trial_probe_logging_test2,672.0,1.100000023841858,0.0,0.0,0.0,0.0,,,,0.1,0.0,0.0,8.0
trial_probe_logging_test2,675.0,1.100000023841858,0.0,0.0,0.0,0.0,,,,0.1,0.0,0.0,8.0
trial_probe_logging_test2,677.0,0.6000000238418579,-0.06169888377189636,-0.06169888377189636,0.7071067690849304,0.0,,,,0.1,0.9999998807907104,0.0,8.0
trial_probe_logging_test2,678.0,0.10000000149011612,0.0,0.0,0.0,0.0,,,,0.1,0.0,0.0,8.0
trial_probe_logging_test2,681.0,0.10000000149011612,0.0,0.0,0.0,0.0,,,,0.1,0.0,0.0,8.0
trial_probe_logging_test2,682.0,1.100000023841858,0.0,0.0,0.0,0.0,,,,0.1,0.0,0.0,8.0
trial_probe_logging_test2,684.0,0.10000000149011612,0.0,0.0,0.0,0.0,,,,0.1,0.0,0.0,8.0
trial_probe_logging_test2,685.0,0.10000000149011612,0.0,0.0,0.0,0.0,,,,0.1,0.0,0.0,8.0
trial_probe_logging_test2,686.0,1.100000023841858,0.0,0.0,0.0,0.0,,,,0.1,0.0,0.0,8.0
trial_probe_logging_test2,688.0,0.10000000149011612,0.0,0.0,0.0,0.0,,,,0.1,0.0,0.0,8.0
trial_probe_logging_test2,690.0,0.6000000238418579,-0.3123779594898224,-0.3123779594898224,0.7071067690849304,0.0,,,,0.1,0.9999999403953552,0.0,8.0
trial_probe_logging_test2,693.0,0.10000000149011612,0.0,0.0,0.0,0.0,,,,0.1,0.0,0.0,8.0
trial_probe_logging_test2,699.0,1.100000023841858,0.0,0.0,0.0,0.0,,,,0.1,0.0,0.0,8.0
trial_probe_logging_test2,700.0,1.100000023841858,0.0,0.0,0.0,0.0,,,,0.1,0.0,0.0,8.0
trial_probe_logging_test2,701.0,0.10000000149011612,0.0,0.0,0.0,0.0,,,,0.1,0.0,0.0,8.0
trial_probe_logging_test2,703.0,1.100000023841858,0.0,0.0,0.0,0.0,,,,0.1,0.0,0.0,8.0
trial_probe_logging_test2,704.0,0.10000000149011612,0.0,0.0,0.0,0.0,,,,0.1,0.0,0.0,8.0
trial_probe_logging_test2,705.0,1.100000023841858,0.0,0.0,0.0,0.0,,,,0.1,0.0,0.0,8.0
trial_probe_logging_test2,707.0,0.10000000149011612,0.0,0.0,0.0,0.0,,,,0.1,0.0,0.0,8.0
trial_probe_logging_test2,708.0,1.100000023841858,0.0,0.0,0.0,0.0,,,,0.1,0.0,0.0,8.0
trial_probe_logging_test2,709.0,0.10000000149011612,0.0,0.0,0.0,0.0,,,,0.1,0.0,0.0,8.0
trial_probe_logging_test2,710.0,1.100000023841858,0.0,0.0,0.0,0.0,,,,0.1,0.0,0.0,8.0
trial_probe_logging_test2,711.0,1.100000023841858,0.0,0.0,0.0,0.0,,,,0.1,0.0,0.0,8.0
trial_probe_logging_test2,714.0,1.100000023841858,0.0,0.0,0.0,0.0,,,,0.1,0.0,0.0,8.0
trial_probe_logging_test2,717.0,0.10000000149011612,0.0,0.0,0.0,0.0,,,,0.1,0.0,0.0,8.0
trial_probe_logging_test2,720.0,1.100000023841858,0.0,0.0,0.0,0.0,,,,0.1,0.0,0.0,8.0
trial_probe_logging_test2,722.0,0.10000000149011612,0.0,0.0,0.0,0.0,,,,0.1,0.0,0.0,8.0
trial_probe_logging_test2,724.0,1.100000023841858,0.0,0.0,0.0,0.0,,,,0.1,0.0,0.0,8.0
trial_probe_logging_test2,726.0,0.10000000149011612,0.0,0.0,0.0,0.0,,,,0.1,0.0,0.0,17.0
trial_probe_logging_test2,728.0,1.100000023841858,0.0,0.0,0.0,0.0,,,,0.1,0.0,0.0,8.0
trial_probe_logging_test2,730.0,1.100000023841858,0.0,0.0,0.0,0.0,,,,0.1,0.0,0.0,8.0
trial_probe_logging_test2,731.0,1.100000023841858,0.0,0.0,0.0,0.0,,,,0.1,0.0,0.0,8.0
trial_probe_logging_test2,733.0,0.10000000149011612,0.0,0.0,0.0,0.0,,,,0.1,0.0,0.0,8.0
trial_probe_logging_test2,734.0,0.6000000238418579,0.3261718153953552,0.3261718153953552,0.7071067690849304,0.0,,,,0.1,0.9999998807907104,0.0,8.0
trial_probe_logging_test2,735.0,1.100000023841858,0.0,0.0,0.0,0.0,,,,0.1,0.0,0.0,8.0
trial_probe_logging_test2,737.0,1.100000023841858,0.0,0.0,0.0,0.0,,,,0.1,0.0,0.0,8.0
trial_probe_logging_test2,738.0,1.100000023841858,0.0,0.0,0.0,0.0,,,,0.1,0.0,0.0,8.0
trial_probe_logging_test2,740.0,1.100000023841858,0.0,0.0,0.0,0.0,,,,0.1,0.0,0.0,8.0
trial_probe_logging_test2,742.0,0.10000000149011612,0.0,0.0,0.0,0.0,,,,0.1,0.0,0.0,8.0
trial_probe_logging_test2,745.0,1.100000023841858,0.0,0.0,0.0,0.0,,,,0.1,0.0,0.0,8.0
trial_probe_logging_test2,747.0,1.0499999523162842,-0.031197216361761093,-0.031197216361761093,0.0707106962800026,0.0,,,,0.05,0.9999995827674866,0.0,8.0
trial_probe_logging_test2,750.0,0.10000000149011612,0.0,0.0,0.0,0.0,,,,0.1,0.0,0.0,8.0
trial_probe_logging_test2,751.0,1.100000023841858,0.0,0.0,0.0,0.0,,,,0.1,0.0,0.0,8.0
trial_probe_logging_test2,752.0,0.10000000149011612,0.0,0.0,0.0,0.0,,,,0.1,0.0,0.0,8.0
trial_probe_logging_test2,755.0,0.10000000149011612,0.0,0.0,0.0,0.0,,,,0.1,0.0,0.0,8.0
trial_probe_logging_test2,756.0,1.100000023841858,0.0,0.0,0.0,0.0,,,,0.1,0.0,0.0,8.0
trial_probe_logging_test2,758.0,1.100000023841858,0.0,0.0,0.0,0.0,,,,0.1,0.0,0.0,8.0
trial_probe_logging_test2,760.0,1.100000023841858,0.0,0.0,0.0,0.0,,,,0.1,0.0,0.0,8.0
trial_probe_logging_test2,761.0,0.10000000149011612,0.0,0.0,0.0,0.0,,,,0.1,0.0,0.0,8.0
trial_probe_logging_test2,763.0,1.100000023841858,0.0,0.0,0.0,0.0,,,,0.1,0.0,0.0,8.0
trial_probe_logging_test2,766.0,1.100000023841858,0.0,0.0,0.0,0.0,,,,0.1,0.0,0.0,8.0
trial_probe_logging_test2,767.0,0.10000000149011612,0.0,0.0,0.0,0.0,,,,0.1,0.0,0.0,8.0
trial_probe_logging_test2,768.0,1.100000023841858,0.0,0.0,0.0,0.0,,,,0.1,0.0,0.0,8.0
trial_probe_logging_test2,770.0,1.100000023841858,0.0,0.0,0.0,0.0,,,,0.1,0.0,0.0,8.0
trial_probe_logging_test2,772.0,1.100000023841858,0.0,0.0,0.0,0.0,,,,0.1,0.0,0.0,8.0
trial_probe_logging_test2,774.0,0.6000000238418579,-0.361785888671875,-0.361785888671875,0.7071067690849304,0.0,,,,0.1,0.9999999403953552,0.0,8.0
trial_probe_logging_test2,775.0,1.100000023841858,0.0,0.0,0.0,0.0,,,,0.1,0.0,0.0,8.0
trial_probe_logging_test2,776.0,1.100000023841858,0.0,0.0,0.0,0.0,,,,0.1,0.0,0.0,8.0
trial_probe_logging_test2,777.0,1.100000023841858,0.0,0.0,0.0,0.0,,,,0.1,0.0,0.0,8.0
trial_probe_logging_test2,778.0,1.100000023841858,0.0,0.0,0.0,0.0,,,,0.1,0.0,0.0,8.0
trial_probe_logging_test2,781.0,1.100000023841858,0.0,0.0,0.0,0.0,,,,0.1,0.0,0.0,8.0
trial_probe_logging_test2,785.0,0.10000000149011612,0.0,0.0,0.0,0.0,,,,0.1,0.0,0.0,8.0
trial_probe_logging_test2,786.0,0.10000000149011612,0.0,0.0,0.0,0.0,,,,0.1,0.0,0.0,8.0
trial_probe_logging_test2,789.0,1.100000023841858,0.0,0.0,0.0,0.0,,,,0.1,0.0,0.0,8.0
trial_probe_logging_test2,790.0,0.10000000149011612,0.0,0.0,0.0,0.0,,,,0.1,0.0,0.0,8.0
trial_probe_logging_test2,791.0,0.10000000149011612,0.0,0.0,0.0,0.0,,,,0.1,0.0,0.0,8.0
trial_probe_logging_test2,792.0,0.10000000149011612,0.0,0.0,0.0,0.0,,,,0.1,0.0,0.0,8.0
trial_probe_logging_test2,793.0,1.100000023841858,0.0,0.0,0.0,0.0,,,,0.1,0.0,0.0,8.0
trial_probe_logging_test2,794.0,1.100000023841858,0.0,0.0,0.0,0.0,,,,0.1,0.0,0.0,8.0
trial_probe_logging_test2,797.0,0.10000000149011612,0.0,0.0,0.0,0.0,,,,0.1,0.0,0.0,8.0
trial_probe_logging_test2,798.0,1.100000023841858,0.0,0.0,0.0,0.0,,,,0.1,0.0,0.0,8.0
trial_probe_logging_test2,801.0,0.10000000149011612,0.0,0.0,0.0,0.0,,,,0.1,0.0,0.0,8.0
trial_probe_logging_test2,803.0,1.100000023841858,0.0,0.0,0.0,0.0,,,,0.1,0.0,0.0,8.0
trial_probe_logging_test2,804.0,1.100000023841858,0.0,0.0,0.0,0.0,,,,0.1,0.0,0.0,8.0
trial_probe_logging_test2,805.0,0.10000000149011612,0.0,0.0,0.0,0.0,,,,0.1,0.0,0.0,8.0
trial_probe_logging_test2,806.0,0.10000000149011612,0.0,0.0,0.0,0.0,,,,0.1,0.0,0.0,8.0
trial_probe_logging_test2,807.0,1.100000023841858,0.0,0.0,0.0,0.0,,,,0.1,0.0,0.0,8.0
trial_probe_logging_test2,808.0,1.100000023841858,0.0,0.0,0.0,0.0,,,,0.1,0.0,0.0,8.0
trial_probe_logging_test2,810.0,1.100000023841858,0.0,0.0,0.0,0.0,,,,0.1,0.0,0.0,8.0
trial_probe_logging_test2,811.0,1.100000023841858,0.0,0.0,0.0,0.0,,,,0.1,0.0,0.0,8.0
trial_probe_logging_test2,813.0,1.100000023841858,0.0,0.0,0.0,0.0,,,,0.1,0.0,0.0,8.0
trial_probe_logging_test2,816.0,0.10000000149011612,0.0,0.0,0.0,0.0,,,,0.1,0.0,0.0,8.0
trial_probe_logging_test2,818.0,1.100000023841858,0.0,0.0,0.0,0.0,,,,0.1,0.0,0.0,8.0
trial_probe_logging_test2,819.0,1.100000023841858,0.0,0.0,0.0,0.0,,,,0.1,0.0,0.0,8.0
trial_probe_logging_test2,820.0,0.10000000149011612,0.0,0.0,0.0,0.0,,,,0.1,0.0,0.0,8.0
trial_probe_logging_test2,824.0,1.100000023841858,0.0,0.0,0.0,0.0,,,,0.1,0.0,0.0,8.0
trial_probe_logging_test2,826.0,1.100000023841858,0.0,0.0,0.0,0.0,,,,0.1,0.0,0.0,8.0
trial_probe_logging_test2,827.0,0.10000000149011612,0.0,0.0,0.0,0.0,,,,0.1,0.0,0.0,8.0
trial_probe_logging_test2,829.0,1.100000023841858,0.0,0.0,0.0,0.0,,,,0.1,0.0,0.0,8.0
trial_probe_logging_test2,830.0,1.100000023841858,0.0,0.0,0.0,0.0,,,,0.1,0.0,0.0,8.0
trial_probe_logging_test2,831.0,1.100000023841858,0.0,0.0,0.0,0.0,,,,0.1,0.0,0.0,8.0
trial_probe_logging_test2,832.0,0.10000000149011612,0.0,0.0,0.0,0.0,,,,0.1,0.0,0.0,8.0
trial_probe_logging_test2,833.0,1.100000023841858,0.0,0.0,0.0,0.0,,,,0.1,0.0,0.0,8.0
trial_probe_logging_test2,834.0,0.10000000149011612,0.0,0.0,0.0,0.0,,,,0.1,0.0,0.0,8.0
trial_probe_logging_test2,840.0,1.100000023841858,0.0,0.0,0.0,0.0,,,,0.1,0.0,0.0,8.0
trial_probe_logging_test2,841.0,0.6000000238418579,0.2314453125,0.2314453125,0.7071067690849304,0.0,,,,0.1,0.9999998807907104,0.0,8.0
trial_probe_logging_test2,842.0,1.100000023841858,0.0,0.0,0.0,0.0,,,,0.1,0.0,0.0,8.0
trial_probe_logging_test2,846.0,0.10000000149011612,0.0,0.0,0.0,0.0,,,,0.1,0.0,0.0,8.0
trial_probe_logging_test2,847.0,1.100000023841858,0.0,0.0,0.0,0.0,,,,0.1,0.0,0.0,8.0
trial_probe_logging_test2,848.0,0.10000000149011612,0.0,0.0,0.0,0.0,,,,0.1,0.0,0.0,8.0
grpo_proteinlm_mlp_sft_qwen3_8b_it_0311_091513,5.0,0.727812510728836,-0.03437335221096873,-0.03437335221096873,0.4355925127863884,0.0,,,,0.06843750000000001,0.8551994860172272,0.0,9.175
grpo_proteinlm_mlp_sft_qwen3_8b_it_0311_091513,10.0,0.549687510728836,0.03256682427600026,0.03256682427600026,0.43141473196446894,0.0,,,,0.06843750000000001,0.7099333226680755,0.0,8.5
grpo_proteinlm_mlp_sft_qwen3_8b_it_0311_091513,15.0,0.6828125268220901,-0.0019400751334615052,-0.0019400751334615052,0.4804050400853157,0.0,,,,0.07343750000000003,0.6858827471733093,0.0,8.0
grpo_proteinlm_mlp_sft_qwen3_8b_it_0311_091513,20.0,0.7046875178813934,0.004489363636821508,0.004489363636821508,0.48337769508361816,0.0,,,,0.06718750000000002,0.7110560417175293,0.0,8.275
grpo_proteinlm_mlp_sft_qwen3_8b_it_0311_091513,25.0,0.6928125143051147,-0.008460577670484781,-0.008460577670484781,0.465427166223526,0.0,,,,0.08031250000000004,0.8857294797897339,0.0,8.8
grpo_proteinlm_mlp_sft_qwen3_8b_it_0311_091513,30.0,0.7542968671768904,-0.030390163243282586,-0.030390163243282586,0.4193226620554924,0.0,,,,0.07070312500000003,0.8662036806344986,0.0,8.875
grpo_proteinlm_mlp_sft_qwen3_8b_it_0311_091513,35.0,0.5931250035762787,0.011130652111023664,0.011130652111023664,0.4059326507151127,0.0,,,,0.06812500000000002,0.8549425840377808,0.0,8.375
grpo_proteinlm_mlp_sft_qwen3_8b_it_0311_091513,40.0,0.6859375238418579,-0.011080884607508779,-0.011080884607508779,0.25402454659342766,0.0,,,,0.06093750000000002,0.46893545985221863,0.0,8.0
grpo_proteinlm_mlp_sft_qwen3_8b_it_0311_091513,45.0,0.5246875017881394,-0.0026305797742679714,-0.0026305797742679714,0.42612701617181303,0.0,,,,0.06531250000000002,0.8445891976356507,0.0,11.575
grpo_proteinlm_mlp_sft_qwen3_8b_it_0311_091513,50.0,0.640000008046627,-0.00605986756272614,-0.00605986756272614,0.4055672589689493,0.0,,,,0.07125000000000001,0.8316542148590088,0.0,8.15
grpo_proteinlm_mlp_sft_qwen3_8b_it_0311_091513,55.0,0.6354166890184084,-0.005282886423325787,-0.005282886423325787,0.45256104568640393,0.0,,,,0.07291666666666669,0.770895779132843,0.0,9.208333333333334
grpo_proteinlm_mlp_sft_qwen3_8b_it_0311_091513,60.0,0.6821875244379043,-0.013817504001781344,-0.013817504001781344,0.47091381549835204,0.0,,,,0.07906250000000004,0.9178318500518798,0.0,8.075
grpo_proteinlm_mlp_sft_qwen3_8b_it_0311_091513,65.0,0.5840625166893005,0.0028197014704346656,0.0028197014704346656,0.47641404867172243,0.0,,,,0.08093750000000002,0.8330117225646972,0.0,7.925
grpo_proteinlm_mlp_sft_qwen3_8b_it_0311_091513,70.0,0.6687500044703484,-0.004685228457674384,-0.004685228457674384,0.41431931406259537,0.0,,,,0.07500000000000002,0.8315402865409851,0.0,8.45
grpo_proteinlm_mlp_sft_qwen3_8b_it_0311_091513,75.0,0.7009375214576721,-0.016796445264481007,-0.016796445264481007,0.4692617982625961,0.0,,,,0.07906250000000004,0.8477360248565674,0.0,8.8
grpo_proteinlm_mlp_sft_qwen3_8b_it_0311_091513,80.0,0.7359375134110451,-0.012371647986583412,-0.012371647986583412,0.4586307629942894,0.0,,,,0.07187500000000002,0.7916443049907684,0.0,7.8125
grpo_proteinlm_mlp_sft_qwen3_8b_it_0311_091513,85.0,0.6853125244379044,-0.011920585855841636,-0.011920585855841636,0.4452185247093439,0.0,,,,0.07906250000000005,0.8822356104850769,0.0,7.7
grpo_proteinlm_mlp_sft_qwen3_8b_it_0311_091513,90.0,0.7515625149011612,0.007284511090256273,0.007284511090256273,0.3843445468693972,0.0,,,,0.08281250000000004,0.868581223487854,0.0,8.925
grpo_proteinlm_mlp_sft_qwen3_8b_it_0311_091513,95.0,0.6425781399011612,0.003478126716800034,0.003478126716800034,0.4730662666261196,0.0,,,,0.08007812500000003,0.8730537742376328,0.0,8.6875
grpo_proteinlm_mlp_sft_qwen3_8b_it_0311_091513,100.0,0.682187519967556,-0.0008400680962949991,-0.0008400680962949991,0.3613438710570335,0.0,,,,0.07906250000000004,0.8348494410514832,0.0,7.925
grpo_proteinlm_mlp_sft_qwen3_8b_it_0311_091513,105.0,0.6015625298023224,0.007079508155584335,0.007079508155584335,0.5103750228881836,0.0,,,,0.08593750000000003,0.9999991059303284,0.0,8.0
grpo_proteinlm_mlp_sft_qwen3_8b_it_0311_091513,110.0,0.6449999988079071,-0.003960622847080231,-0.003960622847080231,0.4447839893400669,0.0,,,,0.07625000000000004,0.8406438708305359,0.0,9.025
grpo_proteinlm_mlp_sft_qwen3_8b_it_0311_091513,115.0,0.5681250125169754,-0.011637968511786312,-0.011637968511786312,0.47128157317638397,0.0,,,,0.07437500000000002,0.8055814981460572,0.0,16.025
grpo_proteinlm_mlp_sft_qwen3_8b_it_0311_091513,120.0,0.7739583353201548,0.014878806890919805,0.014878806890919805,0.4459829280773799,0.0,,,,0.08645833333333337,0.9034775892893473,0.0,9.666666666666666
grpo_proteinlm_mlp_sft_qwen3_8b_it_0311_091513,125.0,0.6725000262260437,0.009931313060224056,0.009931313060224056,0.477260422706604,0.0,,,,0.08500000000000003,0.9619734048843384,0.0,12.125
grpo_proteinlm_mlp_sft_qwen3_8b_it_0311_091513,130.0,0.6706250131130218,-0.007604394992813468,-0.007604394992813468,0.44184155762195587,0.0,,,,0.08000000000000003,0.8019142508506775,0.0,8.75
grpo_structure_text_sft_qwen3_8b_it_0311_142908,5.0,0.3205782353878021,0.3444270703941584,0.3444270703941584,0.21681299805641174,0.0,0.24843749999999992,0.01870322769526953,0.05203124999999999,0.00140625,0.9999998807907104,0.0,48.25
grpo_structure_text_sft_qwen3_8b_it_0311_142908,10.0,0.4481637865304947,-0.23892558068037034,-0.23892558068037034,0.23879548907279968,0.0,0.3012499999999999,0.060976286643029745,0.08578124999999999,0.00015625,0.9999999165534973,0.0,48.125
grpo_structure_text_sft_qwen3_8b_it_0311_142908,15.0,0.5503070235252381,-0.22237193807959557,-0.22237193807959557,0.25710233896970747,0.0,0.32906249999999976,0.10733827678946015,0.11390625000000001,0.0,0.9999996542930603,0.0,37.475
grpo_structure_text_sft_qwen3_8b_it_0311_142908,20.0,0.6035640180110932,-0.09592175111174583,-0.09592175111174583,0.25807261615991595,0.0,0.34781249999999975,0.12309527515339176,0.13265624999999998,0.0,0.9999995112419129,0.0,33.325
grpo_structure_text_sft_qwen3_8b_it_0311_142908,25.0,0.6757374405860901,-0.1043758787214756,-0.1043758787214756,0.26634067893028257,0.0,0.3528124999999997,0.15683117895917353,0.16593750000000004,0.00015625,0.9999994277954102,0.0,32.9
grpo_structure_text_sft_qwen3_8b_it_0311_142908,30.0,0.6975743174552917,-0.03339824452996254,-0.03339824452996254,0.2645357444882393,0.0,0.3590624999999997,0.1733555697445956,0.1650000000000001,0.00015625,0.9107328534126282,0.0,33.175
grpo_structure_text_sft_qwen3_8b_it_0311_142908,35.0,0.7425214529037476,0.016850753873586654,0.016850753873586654,0.2526088897138834,0.0,0.3496874999999997,0.18924019722287055,0.20015625000000012,0.0034374999999999996,0.9889432072639466,0.0,33.6
grpo_structure_text_sft_qwen3_8b_it_0311_142908,40.0,0.7650396049022674,0.011178485862910748,0.011178485862910748,0.23681244924664496,0.0,0.3449999999999997,0.18628960150274596,0.17156250000000012,0.06218749999999995,0.9817412495613098,0.0,35.9
grpo_structure_text_sft_qwen3_8b_it_0311_142908,45.0,0.8172617673873901,-0.031061239261180162,-0.031061239261180162,0.23297012969851494,0.0,0.34999999999999964,0.19491802373174322,0.1725000000000001,0.09984374999999987,0.945140790939331,0.0,36.1
grpo_structure_text_sft_qwen3_8b_it_0311_142908,50.0,0.8839018702507019,-0.04119796231389046,-0.04119796231389046,0.1869061827659607,0.0,0.3699999999999996,0.2010893750577228,0.21281250000000015,0.09999999999999988,0.9999993801116943,0.0,35.95
grpo_structure_text_sft_qwen3_8b_it_0311_142908,55.0,0.8204469323158264,-0.008288434101268649,-0.008288434101268649,0.21989460811018943,0.0,0.3499999999999997,0.18482192866566038,0.18562500000000012,0.09999999999999988,0.9999992966651916,0.0,35.95
grpo_structure_text_sft_qwen3_8b_it_0311_142908,60.0,0.9333379447460175,-0.007643648143857718,-0.007643648143857718,0.16014964394271375,0.0,0.3649999999999996,0.21661920477651822,0.25171875000000027,0.09999999999999988,0.9999993443489075,0.0,35.875
grpo_structure_text_sft_qwen3_8b_it_0311_142908,65.0,0.9535457193851471,-0.034863559436053036,-0.034863559436053036,0.1860110193490982,0.0,0.38499999999999956,0.22948321919218873,0.23906250000000023,0.09999999999999988,0.9999993324279786,0.0,35.975
grpo_structure_text_sft_qwen3_8b_it_0311_142908,70.0,0.8788506329059601,-0.010974653856828808,-0.010974653856828808,0.20552027300000192,0.0,0.3449999999999997,0.20697564502900828,0.22687500000000022,0.09999999999999988,0.9999993324279786,0.0,35.9
grpo_structure_text_sft_qwen3_8b_it_0311_142908,75.0,0.8951194047927856,-0.0030560864135622976,-0.0030560864135622976,0.21382777914404869,0.0,0.3649999999999996,0.2051194002004923,0.22500000000000023,0.09999999999999988,0.9637675762176514,0.0,35.9
grpo_structure_text_sft_qwen3_8b_it_0311_142908,80.0,0.8179821193218231,0.01568143875338137,0.01568143875338137,0.2935350313782692,0.0,0.34499999999999964,0.19063837874622663,0.1823437500000001,0.09999999999999988,0.9999992609024048,0.0,35.95
grpo_structure_text_sft_qwen3_8b_it_0311_142908,85.0,0.8736308813095093,-0.0032187959412112834,-0.0032187959412112834,0.18361981436610222,0.0,0.33999999999999975,0.2147246157969494,0.21890625000000022,0.09999999999999988,0.9746633052825928,0.0,36.025
grpo_structure_text_sft_qwen3_8b_it_0311_142908,90.0,0.8223563730716705,0.0007890292908996344,0.0007890292908996344,0.21796963308006526,0.0,0.33499999999999963,0.19329385321085282,0.19406250000000014,0.09999999999999988,0.982809329032898,0.0,35.925
grpo_structure_mlp_sft_qwen3_8b_it_0312_011859,5.0,0.5183518171310425,-0.5742730095982551,-0.5742730095982551,0.2586595803499222,0.0,0.29875000000000007,0.07069556647750704,0.08765624999999999,0.06125000000000004,2.8886131708816263e-09,1.0,83.95
grpo_structure_mlp_sft_qwen3_8b_it_0312_011859,10.0,0.5822423666715622,-0.7729952350258827,-0.7729952350258827,0.26804394349455835,0.0,0.32625000000000015,0.08474237245089397,0.10453124999999999,0.06671875000000002,3.5040819579279512e-09,0.9999999284744263,86.325
grpo_structure_mlp_sft_qwen3_8b_it_0312_011859,15.0,0.5849887952208519,-0.8412836998701095,-0.8412836998701095,0.2746435604989529,0.0,0.3271875000000001,0.08514504474168291,0.10874999999999999,0.06390625000000001,1.3294916834105663e-09,0.9999999284744263,79.0
grpo_structure_mlp_sft_qwen3_8b_it_0312_011859,20.0,0.6205198720097542,-0.5875926420092583,-0.5875926420092583,0.2719832964241505,0.0,0.34906250000000016,0.09411363263555655,0.10968749999999998,0.06765625,2.1584638076888042e-09,0.9999999761581421,78.25
grpo_structure_mlp_sft_qwen3_8b_it_0312_011859,25.0,0.5815486684441566,-1.004653650522232,-1.004653650522232,0.2913897715508938,0.0,0.3259375000000001,0.08482990829466615,0.10546875,0.06531250000000002,2.883664174113676e-09,0.9999999642372132,91.525
grpo_structure_mlp_sft_qwen3_8b_it_0312_011859,30.0,0.6161403119564056,-1.107549388706684,-1.107549388706684,0.27649512588977815,0.0,0.3465625000000001,0.09004656127293705,0.11296874999999995,0.06656250000000002,1.7410740960066563e-09,1.0,81.925
grpo_structure_mlp_sft_qwen3_8b_it_0312_011859,35.0,0.5853317692875862,-1.0206551477313042,-1.0206551477313042,0.31332884505391123,0.0,0.31187500000000007,0.09564427238009748,0.11203124999999999,0.06578125000000001,2.7495715149150612e-09,0.9999999284744263,93.25
grpo_structure_mlp_sft_qwen3_8b_it_0312_011859,40.0,0.5743788942694664,-1.412232431024313,-1.412232431024313,0.28343304619193077,0.0,0.3265625000000001,0.08031638490855988,0.10640625,0.061093750000000016,2.728164782972442e-09,1.0000000238418578,89.8
grpo_structure_mlp_sft_qwen3_8b_it_0312_011859,45.0,0.5967011988162995,-0.9213242694735527,-0.9213242694735527,0.27032439336180686,0.0,0.3268750000000001,0.08935744316347598,0.11390624999999999,0.0665625,1.8400648116312368e-09,0.9999999761581421,85.45
grpo_structure_mlp_sft_qwen3_8b_it_0312_011859,50.0,0.6003770843148232,-0.9926099520176649,-0.9926099520176649,0.2664785698056221,0.0,0.34250000000000014,0.09240833728932009,0.09703124999999999,0.0684375,2.372344010126426e-09,0.9999999642372132,82.725
grpo_structure_mlp_sft_qwen3_8b_it_0312_011859,55.0,0.5984720557928085,-1.2236744970083238,-1.2236744970083238,0.2862871453166008,0.0,0.3343750000000001,0.09206581746420416,0.10453124999999996,0.0675,1.9674627038668293e-09,1.0,81.125
grpo_structure_mlp_sft_qwen3_8b_it_0312_011859,60.0,0.5616423450410366,-1.0624597042798996,-1.0624597042798996,0.2830186761915684,0.0,0.32093750000000015,0.08164234269760731,0.0975,0.061562500000000006,3.0131019013168724e-09,0.7999999761581421,93.075
grpo_structure_mlp_sft_qwen3_8b_it_0312_011859,65.0,0.5933947190642357,-1.314101940393448,-1.314101940393448,0.28397185131907465,0.0,0.3456250000000002,0.08370722537498756,0.10125000000000002,0.06281250000000002,2.381046648736174e-09,0.9999999165534973,87.525
grpo_structure_mlp_sft_qwen3_8b_it_0312_011859,70.0,0.5870687261223793,-1.207991649210453,-1.207991649210453,0.28449028804898263,0.0,0.3300000000000002,0.08753747403300595,0.10406249999999997,0.06546875000000002,1.8368461807138915e-09,0.9999999880790711,87.475
grpo_structure_mlp_sft_qwen3_8b_it_0312_011859,75.0,0.5999843031167984,-1.1077567622065545,-1.1077567622065545,0.2714192748069763,0.0,0.33656250000000015,0.08670304986368985,0.10687499999999998,0.06984375000000001,2.942075694178925e-09,0.9999999880790711,85.575
grpo_structure_mlp_sft_qwen3_8b_it_0312_011859,80.0,0.6064052015542984,-1.304894521087408,-1.304894521087408,0.29788771346211435,0.0,0.32531250000000006,0.09640520711438388,0.11625,0.06843750000000001,2.1365917368676435e-09,0.9999999284744263,86.325
grpo_structure_mlp_sft_qwen3_8b_it_0312_011859,85.0,0.5367129936814308,-0.7646876752376557,-0.7646876752376557,0.2870049148797989,0.0,0.30468750000000006,0.08015049070240932,0.09046874999999997,0.06140625000000003,1.306322172656138e-09,0.9999999642372132,87.275
grpo_structure_mlp_sft_qwen3_8b_it_0312_011859,90.0,0.5333277150988579,-1.2091928102076053,-1.2091928102076053,0.28858036994934083,0.0,0.29406250000000006,0.0820777136671972,0.09281249999999999,0.064375,1.465759014163126e-09,0.9999999523162841,89.525
grpo_structure_text_sft_qwen3_8b_it_0312_032738,5.0,0.6280056893825531,-0.6532966077327729,-0.6532966077327729,0.2589996114373207,0.0,0.3218749999999998,0.09800568954616044,0.11812499999999997,0.08999999999999994,0.9999997973442077,0.0,82.375
grpo_structure_text_sft_qwen3_8b_it_0312_032738,10.0,0.6789233684539795,-0.5098941057920456,-0.5098941057920456,0.25545708239078524,0.0,0.34624999999999967,0.1101733694439169,0.12703124999999998,0.09546874999999991,0.9999997615814209,0.0,89.325
grpo_structure_text_sft_qwen3_8b_it_0312_032738,15.0,0.7077693581581116,-0.409879732131958,-0.409879732131958,0.2871477842330933,0.0,0.34062499999999973,0.12964435834038837,0.13875,0.0987499999999999,0.9999996423721313,0.0,68.25
grpo_structure_text_sft_qwen3_8b_it_0312_032738,20.0,0.7794802129268646,-0.07397086024284363,-0.07397086024284363,0.2724118873476982,0.0,0.35499999999999965,0.16526144670377566,0.1593750000000001,0.09984374999999987,0.8873705863952637,0.0,52.125
grpo_structure_text_sft_qwen3_8b_it_0312_032738,25.0,0.8430836021900177,-0.024343668855726718,-0.024343668855726718,0.23348783887922764,0.0,0.3543749999999997,0.19323982954268318,0.19546875000000014,0.09999999999999988,0.7028494596481323,0.0,51.15
grpo_structure_text_sft_qwen3_8b_it_0312_032738,30.0,0.8139556884765625,-0.024845067947171628,-0.024845067947171628,0.2526694245636463,0.0,0.3599999999999996,0.18426818407545967,0.16968750000000007,0.09999999999999988,0.716351306438446,0.0,51.0
grpo_structure_text_sft_qwen3_8b_it_0312_032738,35.0,0.8734918355941772,-0.007249923422932625,-0.007249923422932625,0.2212018720805645,0.0,0.3499999999999997,0.20411682387945293,0.21937500000000018,0.09999999999999988,0.9999993681907654,0.0,50.975
grpo_structure_text_sft_qwen3_8b_it_0312_032738,40.0,0.8439237654209137,-0.0020662594586610796,-0.0020662594586610796,0.20453320890665055,0.0,0.3449999999999997,0.18611125665185682,0.21281250000000015,0.09999999999999988,0.9999995231628418,0.0,50.65
grpo_structure_text_sft_qwen3_8b_it_0312_032738,45.0,0.8258880257606507,0.00776205649599433,0.00776205649599433,0.20321902632713318,0.0,0.34999999999999964,0.18604428947292037,0.18984375000000014,0.09999999999999988,0.9999995231628418,0.0,50.3
grpo_structure_text_sft_qwen3_8b_it_0312_032738,50.0,0.8997363805770874,-0.009327232278883458,-0.009327232278883458,0.18439585566520691,0.0,0.3699999999999996,0.20426763332470727,0.22546875000000025,0.09999999999999988,0.9999995231628418,0.0,50.4
grpo_structure_text_sft_qwen3_8b_it_0312_032738,55.0,0.8550286889076233,0.008679553796537221,0.008679553796537221,0.19720704555511476,0.0,0.3499999999999997,0.19643494137155362,0.20859375000000022,0.09999999999999988,0.9999993443489075,0.0,50.4
grpo_structure_text_sft_qwen3_8b_it_0312_032738,60.0,0.9309783041477203,-0.010748625919222831,-0.010748625919222831,0.14107614904642105,0.0,0.3649999999999996,0.21238456932547706,0.25359375000000023,0.09999999999999988,0.9978970170021058,0.0,50.175
grpo_structure_text_sft_qwen3_8b_it_0312_032738,65.0,0.9618664741516113,-0.006203541136346758,-0.006203541136346758,0.16614002771675587,0.0,0.38499999999999956,0.23171022019516388,0.24515625000000024,0.09999999999999988,0.8755418419837951,0.0,50.775
grpo_structure_text_sft_qwen3_8b_it_0312_032738,70.0,0.8762699663639069,-0.01621874077245593,-0.01621874077245593,0.19230901822447777,0.0,0.3449999999999997,0.20298871649862407,0.2282812500000002,0.09999999999999988,0.9990313053131104,0.0,50.175
grpo_structure_text_sft_qwen3_8b_it_0312_032738,75.0,0.9047347128391265,0.008977141976356507,0.008977141976356507,0.20252586677670478,0.0,0.3649999999999996,0.2095784500653099,0.23015625000000023,0.09999999999999988,0.9999995827674866,0.0,50.575
grpo_structure_text_sft_qwen3_8b_it_0312_032738,80.0,0.8223267376422883,-0.000563306175172329,-0.000563306175172329,0.2769530862569809,0.0,0.34499999999999964,0.18888923128091722,0.1884375000000001,0.09999999999999988,0.965418565273285,0.0,50.625
grpo_structure_text_sft_qwen3_8b_it_0312_032738,85.0,0.8658391952514648,-0.011298456182703375,-0.011298456182703375,0.1828749492764473,0.0,0.33999999999999975,0.20646418615866424,0.21937500000000018,0.09999999999999988,0.9999993443489075,0.0,50.175
grpo_structure_text_sft_qwen3_8b_it_0312_032738,90.0,0.8443510711193085,0.010435284581035376,0.010435284581035376,0.18661229647696018,0.0,0.33499999999999963,0.2049760647583025,0.2043750000000002,0.09999999999999988,0.9695541739463807,0.0,50.35
grpo_structure_mlp_sft_frozen_mm_qwen3_8b_it_0312_101631,5.0,0.5559497132897377,-0.6835427153855562,-0.6835427153855562,0.24866263717412948,0.0,0.3159375000000001,0.07798096650917606,0.09703124999999999,0.06500000000000002,0.999999737739563,0.0,82.475
grpo_structure_mlp_sft_frozen_mm_qwen3_8b_it_0312_101631,10.0,0.6015781201422215,-0.9603116691112519,-0.9603116691112519,0.26494689509272573,0.0,0.3284375000000001,0.09298437392247491,0.10968749999999998,0.07046875000000001,0.999999725818634,0.0,89.425
grpo_structure_mlp_sft_frozen_mm_qwen3_8b_it_0312_101631,15.0,0.6515577256679534,-0.999114741384983,-0.999114741384983,0.3080605581402779,0.0,0.314375,0.12327647524606722,0.13124999999999998,0.08265625000000003,0.9999996542930603,0.0,82.45
grpo_structure_mlp_sft_frozen_mm_qwen3_8b_it_0312_101631,20.0,0.7120796084403992,-0.5794645475223661,-0.5794645475223661,0.2853569779545069,0.0,0.33250000000000013,0.14161086351217905,0.14671874999999995,0.09125000000000007,0.9999994516372681,0.0,70.05
grpo_structure_mlp_sft_frozen_mm_qwen3_8b_it_0312_101631,25.0,0.8291709035634994,-0.18279749158537015,-0.18279749158537015,0.18154307706281542,0.0,0.35468750000000027,0.1840146615547688,0.19078124999999996,0.09968750000000007,0.5759054780006408,0.0,56.1
grpo_structure_mlp_sft_frozen_mm_qwen3_8b_it_0312_101631,30.0,0.8028843730688096,-0.018462047300999984,-0.018462047300999984,0.17024859320372343,0.0,0.3600000000000002,0.1788218604096278,0.16406249999999997,0.10000000000000006,0.21754607558250427,0.0,52.65
grpo_structure_mlp_sft_frozen_mm_qwen3_8b_it_0312_101631,35.0,0.8367816239595414,-0.008791029689018615,-0.008791029689018615,0.2002289599273354,0.0,0.3500000000000002,0.19178161296556326,0.19499999999999992,0.10000000000000006,0.1346650794148445,0.0,51.65
grpo_structure_mlp_sft_frozen_mm_qwen3_8b_it_0312_101631,40.0,0.7952513426542283,0.0016365573974326253,0.0016365573974326253,0.16600116044282914,0.0,0.34500000000000014,0.18525132619637502,0.16499999999999998,0.10000000000000006,0.06876161694526672,0.0,51.4
grpo_structure_mlp_sft_frozen_mm_qwen3_8b_it_0312_101631,45.0,0.7639993712306022,0.00028218372899573295,0.00028218372899573295,0.1935745588503778,0.0,0.35000000000000014,0.1714993741436865,0.1425,0.10000000000000006,0.04303624704480171,0.0,51.2
grpo_structure_mlp_sft_frozen_mm_qwen3_8b_it_0312_101631,50.0,0.8180243775248528,0.0028446898504626006,0.0028446898504626006,0.15369092209730298,0.0,0.3700000000000002,0.18302438484548472,0.16499999999999998,0.10000000000000006,0.02165337260812521,0.0,51.15
grpo_structure_mlp_sft_frozen_mm_qwen3_8b_it_0312_101631,55.0,0.8068027101457119,0.002818971006490756,0.002818971006490756,0.15267153255699667,0.0,0.35000000000000014,0.18430270148760425,0.1725,0.10000000000000006,0.025319427624344824,0.0,51.05
grpo_structure_mlp_sft_frozen_mm_qwen3_8b_it_0312_101631,60.0,0.8587989926338195,0.0014894458872731775,0.0014894458872731775,0.19268290810286998,0.0,0.3650000000000002,0.19879898821472125,0.19499999999999995,0.10000000000000006,0.020356679707765578,0.0,51.15
grpo_structure_mlp_sft_frozen_mm_qwen3_8b_it_0312_101631,65.0,0.9392720520496368,0.0004255349820596166,0.0004255349820596166,0.12133076888276265,0.0,0.3850000000000003,0.22927203533465218,0.22500000000000003,0.10000000000000006,0.022653795778751373,0.0,51.0
grpo_structure_mlp_sft_frozen_mm_qwen3_8b_it_0312_101631,70.0,0.7991904824972152,0.0010889623078128353,0.0010889623078128353,0.15676726812380365,0.0,0.34500000000000025,0.18169047176732558,0.17249999999999993,0.10000000000000006,0.02853955589234829,0.0,51.1
grpo_structure_mlp_sft_frozen_mm_qwen3_8b_it_0312_101631,75.0,0.8203563913702965,0.0046387790411245074,0.0046387790411245074,0.18835558639839292,0.0,0.36500000000000016,0.1828563933442638,0.17249999999999993,0.10000000000000006,0.01901789605617523,0.0,51.2
grpo_structure_mlp_sft_frozen_mm_qwen3_8b_it_0312_101631,80.0,0.7990268789231777,0.003258310125602293,0.003258310125602293,0.19834021554561332,0.0,0.34500000000000014,0.1815268815857632,0.17249999999999996,0.10000000000000006,0.023553545773029327,0.0,51.15
grpo_structure_mlp_sft_frozen_mm_qwen3_8b_it_0312_101631,85.0,0.8039838582277298,-0.00267018758750055,-0.00267018758750055,0.1614322843728587,0.0,0.34000000000000014,0.1839838537848027,0.18,0.10000000000000006,0.020062430389225484,0.0,51.05
grpo_structure_mlp_sft_frozen_mm_qwen3_8b_it_0312_101631,90.0,0.7689200341701508,0.00014409291325137019,0.00014409291325137019,0.14753014179877938,0.0,0.3350000000000002,0.16892004244564304,0.16499999999999995,0.10000000000000006,0.01676103360950947,0.0,51.25
grpo_structure_mlp_sft_frozen_mm_focal_qwen3_8b_it_0312_182035,5.0,0.5131656132638455,-0.4600291162729263,-0.4600291162729263,0.30110380668193104,0.0,0.294375,0.0761432224843573,0.09000000000000001,0.06218750000000001,0.9999997973442077,0.0,86.85
grpo_structure_mlp_sft_frozen_mm_focal_qwen3_8b_it_0312_182035,10.0,0.5518653571605683,-0.904880902916193,-0.904880902916193,0.2620738197118044,0.0,0.3150000000000001,0.08752494943491299,0.10874999999999999,0.07312500000000002,0.9999997019767761,0.0,88.65
grpo_structure_mlp_sft_frozen_mm_focal_qwen3_8b_it_0312_182035,15.0,0.641466423869133,-0.988016513735056,-0.988016513735056,0.31034570932388306,0.0,0.3343750000000001,0.11891135900389993,0.13734375000000001,0.08796875,0.9999996066093445,0.0,73.6
grpo_structure_mlp_sft_frozen_mm_focal_qwen3_8b_it_0312_182035,20.0,0.6725996129214764,-0.44905712697654965,-0.44905712697654965,0.2745787065476179,0.0,0.35312500000000013,0.1279124824172794,0.14671874999999995,0.09453125000000002,0.9999994277954102,0.0,65.375
grpo_structure_mlp_sft_frozen_mm_focal_qwen3_8b_it_0312_182035,25.0,0.6515508770942688,0.03941224828595295,0.03941224828595295,0.2330182766309008,0.0,0.35437500000000016,0.1299007944842659,0.1396875,0.09937500000000006,0.9358349561691284,0.0,57.65
grpo_structure_mlp_sft_frozen_mm_focal_qwen3_8b_it_0312_182035,30.0,0.7194256946444512,0.0409575836500153,0.0409575836500153,0.18824208725709468,0.0,0.38000000000000017,0.12901780593198336,0.15562499999999996,0.09984375000000006,0.8754504442214965,0.0,51.3
grpo_structure_mlp_sft_frozen_mm_focal_qwen3_8b_it_0312_182035,35.0,0.6932766325771809,0.06290064142085612,0.06290064142085612,0.17837142848875373,0.0,0.3706250000000002,0.12715013024490873,0.15140624999999994,0.10000000000000006,0.8543509602546692,0.0,51.225
grpo_structure_mlp_sft_frozen_mm_focal_qwen3_8b_it_0312_182035,40.0,0.7173610415309668,-0.07620955982711167,-0.07620955982711167,0.19063106809044256,0.0,0.34812500000000013,0.15760777931155828,0.17765625,0.10000000000000006,0.9843009233474731,0.0,51.55
grpo_structure_mlp_sft_frozen_mm_focal_qwen3_8b_it_0312_182035,45.0,0.7032255202531814,-0.055557676358148456,-0.055557676358148456,0.18311694343574345,0.0,0.33812500000000023,0.16593110546191098,0.16031249999999997,0.10000000000000006,0.938908576965332,0.0,51.35
grpo_structure_mlp_sft_frozen_mm_focal_qwen3_8b_it_0312_182035,50.0,0.7597869068384171,-0.014548682648455723,-0.014548682648455723,0.16621523160429205,0.0,0.3725000000000002,0.17186361929316263,0.18562499999999998,0.09984375000000006,0.9999994993209839,0.0,50.95
grpo_structure_mlp_sft_frozen_mm_focal_qwen3_8b_it_0312_182035,55.0,0.7679165065288543,-0.07535138233943144,-0.07535138233943144,0.10679813485621707,0.0,0.3781250000000002,0.16784295187749573,0.18796874999999996,0.10000000000000006,0.9678793311119079,0.0,51.25
grpo_structure_mlp_sft_frozen_mm_focal_qwen3_8b_it_0312_182035,60.0,0.8113437533378601,-0.046530285812332296,-0.046530285812332296,0.12136820792802609,0.0,0.38625000000000026,0.18231227510988898,0.2282812499999999,0.10000000000000006,0.9999995350837707,0.0,51.375
grpo_structure_mlp_sft_frozen_mm_focal_qwen3_8b_it_0312_182035,65.0,0.8116117790341377,-0.11907952853944152,-0.11907952853944152,0.12288808322628028,0.0,0.39812500000000023,0.20456250643666865,0.2146875,0.10000000000000006,0.9946842074394227,0.0,51.925
grpo_structure_mlp_sft_frozen_mm_focal_qwen3_8b_it_0312_182035,70.0,0.7794060803949833,-0.05200410106917843,-0.05200410106917843,0.1040790340746753,0.0,0.36250000000000016,0.18946893527403175,0.20343749999999994,0.10000000000000006,0.9999995946884155,0.0,51.075
grpo_structure_mlp_sft_frozen_mm_focal_qwen3_8b_it_0312_182035,75.0,0.7729978948831558,-0.0487087487745157,-0.0487087487745157,0.07329332968402014,0.0,0.3775000000000002,0.18122495002866348,0.19031249999999994,0.10000000000000006,0.973183023929596,0.0,50.775
grpo_structure_mlp_sft_frozen_mm_focal_qwen3_8b_it_0312_182035,80.0,0.7752231329679489,-0.08313312575919554,-0.08313312575919554,0.09357713258941658,0.0,0.3518750000000002,0.19143169638486596,0.2057812499999999,0.10000000000000006,0.9271000027656555,0.0,51.15
grpo_structure_mlp_sft_frozen_mm_focal_qwen3_8b_it_0312_182035,85.0,0.8343725502490997,-0.11370241238037124,-0.11370241238037124,0.1063671792158857,0.0,0.3800000000000002,0.20196789840379553,0.22546874999999997,0.09984375000000006,0.9999994397163391,0.0,51.025
grpo_structure_mlp_sft_frozen_mm_focal_qwen3_8b_it_0312_182035,90.0,0.8243850596249104,-0.05036748880011146,-0.05036748880011146,0.07768088615448505,0.0,0.37937500000000024,0.20278573454677828,0.21234374999999991,0.09968750000000007,0.870922577381134,0.0,50.5
grpo_structure_classify_qwen3_8b_it_0312_215435,5.0,0.41111013703048227,-0.7252828702330589,-0.7252828702330589,0.473509806394577,0.0,,,,0.06531250000000002,0.9999997973442077,0.0,88.3
grpo_structure_classify_qwen3_8b_it_0312_215435,10.0,0.4301955562084913,-1.027346634864807,-1.027346634864807,0.4542985498905182,0.0,,,,0.07375000000000002,0.9999998092651368,0.0,81.35
grpo_structure_classify_qwen3_8b_it_0312_215435,15.0,0.5048848524689674,-0.7793971434235573,-0.7793971434235573,0.45132088512182233,0.0,,,,0.08515624999999999,0.999999713897705,0.0,81.575
grpo_structure_classify_qwen3_8b_it_0312_215435,20.0,0.4973576419055462,-1.105585109256208,-1.105585109256208,0.41680263839662074,0.0,,,,0.09187500000000001,0.9999996304512024,0.0,72.75
grpo_structure_classify_qwen3_8b_it_0312_215435,25.0,0.5933333592489362,-0.4461050260812044,-0.4461050260812044,0.2898623062763363,0.0,,,,0.09703125000000004,0.9999994397163391,0.0,59.05
grpo_structure_classify_qwen3_8b_it_0312_215435,30.0,0.5790412472561002,0.1353766517713666,0.1353766517713666,0.2604125183075666,0.0,,,,0.09953125000000006,0.9999993681907654,0.0,57.125
grpo_structure_classify_qwen3_8b_it_0312_215435,35.0,0.6272430812940002,-0.14030219204723834,-0.14030219204723834,0.20419304706156255,0.0,,,,0.10000000000000006,0.9646466255187989,0.0,54.425
grpo_structure_classify_qwen3_8b_it_0312_215435,40.0,0.5893384106457233,0.005351660214364529,0.005351660214364529,0.2345691792666912,0.0,,,,0.09984375000000006,0.9225882649421692,0.0,53.5
grpo_structure_classify_qwen3_8b_it_0312_215435,45.0,0.5438801165670156,-0.21403499729931355,-0.21403499729931355,0.2698497589677572,0.0,,,,0.09984375000000006,0.9982943058013916,0.0,54.325
grpo_structure_classify_qwen3_8b_it_0312_215435,50.0,0.6349492764100433,-0.07159436214715242,-0.07159436214715242,0.3507093623280525,0.0,,,,0.10000000000000006,0.9881879329681397,0.0,54.5
grpo_structure_classify_qwen3_8b_it_0312_215435,55.0,0.6270187936723233,0.019865728728473187,0.019865728728473187,0.37855440117418765,0.0,,,,0.10000000000000006,0.9999994993209839,0.0,53.525
grpo_structure_classify_qwen3_8b_it_0312_215435,60.0,0.7044657312333584,-0.2461714006960392,-0.2461714006960392,0.3445142537355423,0.0,,,,0.09984375000000006,0.9999995231628418,0.0,54.675
grpo_structure_classify_qwen3_8b_it_0312_215435,65.0,0.5713953668251633,0.012610941007733346,0.012610941007733346,0.3632782451808453,0.0,,,,0.09953125000000006,0.9999996662139893,0.0,55.25
grpo_structure_classify_qwen3_8b_it_0312_215435,70.0,0.6764519136399031,-0.1034268219023943,-0.1034268219023943,0.320811453461647,0.0,,,,0.09984375000000006,0.9999995589256286,0.0,56.85
grpo_structure_classify_qwen3_8b_it_0312_215435,75.0,0.6340730078518391,-0.2540610257536173,-0.2540610257536173,0.28489368557929995,0.0,,,,0.09984375000000006,0.9999995350837707,0.0,55.05
grpo_structure_classify_qwen3_8b_it_0312_215435,80.0,0.6984290426597,-0.01542390212416649,-0.01542390212416649,0.21768709309399129,0.0,,,,0.09984375000000006,0.9999997735023498,0.0,54.45
grpo_structure_classify_qwen3_8b_it_0312_215435,85.0,0.7075660366564989,-0.4994962077587843,-0.4994962077587843,0.2948751300573349,0.0,,,,0.10000000000000006,0.999999487400055,0.0,55.6
grpo_structure_classify_qwen3_8b_it_0312_215435,90.0,0.699509846419096,-0.3492060124874115,-0.3492060124874115,0.244083546474576,0.0,,,,0.09968750000000007,0.9999996781349182,0.0,52.8
grpo_structure_text_classify_qwen3_8b_it_0313_010828,5.0,0.5312316522002221,-1.7048983111977578,-1.7048983111977578,0.5230143159627915,0.0,,,,0.08937500000000002,0.9999998450279236,0.0,113.725
grpo_structure_text_classify_qwen3_8b_it_0313_010828,10.0,0.54354602470994,-0.8882713139057159,-0.8882713139057159,0.47393602281808855,0.0,,,,0.09593750000000004,0.9999998211860657,0.0,94.425
grpo_structure_text_classify_qwen3_8b_it_0313_010828,15.0,0.5066800937056541,-0.21543350405991077,-0.21543350405991077,0.4466719821095467,0.0,,,,0.09937500000000007,0.9999997854232788,0.0,62.35
grpo_structure_text_classify_qwen3_8b_it_0313_010828,20.0,0.5812733113765717,-0.03369854241609573,-0.03369854241609573,0.4311522409319878,0.0,,,,0.09984375000000008,0.9999996304512024,0.0,54.475
grpo_structure_text_classify_qwen3_8b_it_0313_010828,25.0,0.6617598779499531,-0.0497164748609066,-0.0497164748609066,0.3310647524893284,0.0,,,,0.10000000000000006,0.999999713897705,0.0,51.2
grpo_structure_text_classify_qwen3_8b_it_0313_010828,30.0,0.6414014920592308,-0.004456612654030323,-0.004456612654030323,0.36040286868810656,0.0,,,,0.10000000000000006,0.9999997735023498,0.0,50.35
grpo_structure_text_classify_qwen3_8b_it_0313_010828,35.0,0.7342582438141108,0.018649608269333838,0.018649608269333838,0.2839219901710749,0.0,,,,0.10000000000000006,0.999999749660492,0.0,50.2
grpo_structure_text_classify_qwen3_8b_it_0313_010828,40.0,0.7711851641535759,-0.006835218518972397,-0.006835218518972397,0.22570287697017194,0.0,,,,0.10000000000000006,0.9999997735023498,0.0,50.525
grpo_structure_text_classify_qwen3_8b_it_0313_010828,45.0,0.6944343451410532,-0.0020664721727371217,-0.0020664721727371217,0.294042668864131,0.0,,,,0.10000000000000006,0.999999749660492,0.0,50.05
grpo_structure_text_classify_qwen3_8b_it_0313_010828,50.0,0.8266582578420639,-0.032550626620650294,-0.032550626620650294,0.2737024277448654,0.0,,,,0.10000000000000006,0.9999997854232788,0.0,50.025
grpo_structure_text_classify_qwen3_8b_it_0313_010828,55.0,0.7188046697527171,-0.012323153018951417,-0.012323153018951417,0.2654585536569357,0.0,,,,0.10000000000000006,0.9999996423721313,0.0,50.25
grpo_structure_text_classify_qwen3_8b_it_0313_010828,60.0,0.8567475706338883,-0.012106370925903321,-0.012106370925903321,0.1871222585439682,0.0,,,,0.10000000000000006,0.9999996781349182,0.0,50.225
grpo_structure_text_classify_qwen3_8b_it_0313_010828,65.0,0.8267295986413956,-0.01132451519370079,-0.01132451519370079,0.22804219238460063,0.0,,,,0.10000000000000006,0.9999996900558472,0.0,50.475
grpo_structure_text_classify_qwen3_8b_it_0313_010828,70.0,0.7428028658032417,-0.004601723328232765,-0.004601723328232765,0.2636440578848124,0.0,,,,0.10000000000000006,0.9999997854232788,0.0,49.925
grpo_structure_text_classify_qwen3_8b_it_0313_010828,75.0,0.823298665881157,-0.021513516455888747,-0.021513516455888747,0.21175002083182334,0.0,,,,0.10000000000000006,0.999999713897705,0.0,50.325
grpo_structure_text_classify_qwen3_8b_it_0313_010828,80.0,0.7599634438753128,0.010705794021487237,0.010705794021487237,0.28899661004543303,0.0,,,,0.10000000000000006,0.999999713897705,0.0,50.475
grpo_structure_text_classify_qwen3_8b_it_0313_010828,85.0,0.757938714697957,0.002949870564043522,0.002949870564043522,0.262519933283329,0.0,,,,0.10000000000000006,0.9999996662139893,0.0,49.95
grpo_structure_text_classify_qwen3_8b_it_0313_010828,90.0,0.7215288300067186,0.0007485792040824891,0.0007485792040824891,0.30383045598864555,0.0,,,,0.10000000000000006,0.9999996662139893,0.0,50.275
