experiment,_step,mean_reward,max_reward,min_reward,reward_std,pg_loss,kl_penalty,reward/format_bonus,reward/plddt,reward/quality_alignment,reward/numerical_accuracy,reward/category_match,reward/predicted_plddt,reward/ptm,reward/correct_index,reward/predicted_index,reward/focal_weight,diagnostics/grad_norm_lora,diagnostics/grad_norm_multimodal,diagnostics/completion_mean_length,diagnostics/frac_reward_zero_std,diagnostics/advantage_std,loss
grpo_proteinlm_mlp_sft_qwen3_8b_it_0311_091513,5,0.727812510728836,1.100000023841858,0.11000000014901161,0.4355925127863884,-0.03437335221096873,0,0.06843750000000001,,,,,,,1.9,2.053125,,0.8551994860172272,0.0,9.175,0.475,0.08413763660937548,-0.03437335221096873
grpo_proteinlm_mlp_sft_qwen3_8b_it_0311_091513,10,0.549687510728836,1.0000000216066838,0.030000000447034835,0.43141473196446894,0.03256682427600026,0,0.06843750000000001,,,,,,,2.775,2.384375,,0.7099333226680755,0.0,8.5,0.4,0.20102057792246342,0.03256682427600026
grpo_proteinlm_mlp_sft_qwen3_8b_it_0311_091513,15,0.6828125268220901,1.100000023841858,0.05000000074505806,0.4804050400853157,-0.0019400751334615052,0,0.07343750000000003,,,,,,,2.5,2.421875,,0.6858827471733093,0.0,8.0,0.375,0.20604925882071257,-0.0019400751334615052
grpo_proteinlm_mlp_sft_qwen3_8b_it_0311_091513,20,0.7046875178813934,1.100000023841858,0.010000000149011612,0.48337769508361816,0.004489363636821508,0,0.06718750000000002,,,,,,,1.8,2.065625,,0.7110560417175293,0.0,8.275,0.325,0.18343713451176882,0.004489363636821508
grpo_proteinlm_mlp_sft_qwen3_8b_it_0311_091513,25,0.6928125143051147,1.100000023841858,0.030000000447034835,0.465427166223526,-0.008460577670484781,0,0.08031250000000004,,,,,,,2.325,2.4,,0.8857294797897339,0.0,8.8,0.475,0.08215406313538551,-0.008460577670484781
grpo_proteinlm_mlp_sft_qwen3_8b_it_0311_091513,30,0.7542968671768904,1.100000023841858,0.012500000186264515,0.4193226620554924,-0.030390163243282586,0,0.07070312500000003,,,,,,,2.09375,2.26171875,,0.8662036806344986,0.0,8.875,0.375,0.17697335104458034,-0.030390163243282586
grpo_proteinlm_mlp_sft_qwen3_8b_it_0311_091513,35,0.5931250035762787,1.0000000216066838,0.13000000268220901,0.4059326507151127,0.011130652111023664,0,0.06812500000000002,,,,,,,2.475,2.6125,,0.8549425840377808,0.0,8.375,0.525,0.12930692918598652,0.011130652111023664
grpo_proteinlm_mlp_sft_qwen3_8b_it_0311_091513,40,0.6859375238418579,1.100000023841858,0.5,0.25402454659342766,-0.011080884607508779,0,0.06093750000000002,,,,,,,2.875,2.75,,0.46893545985221863,0.0,8.0,0.125,0.040738318115472794,-0.011080884607508779
grpo_proteinlm_mlp_sft_qwen3_8b_it_0311_091513,45,0.5246875017881394,1.0900000214576722,0.1,0.42612701617181303,-0.0026305797742679714,0,0.06531250000000002,,,,,,,2.6,2.125,,0.8445891976356507,0.0,11.575,0.35,0.1425739523023367,-0.0026305797742679714
grpo_proteinlm_mlp_sft_qwen3_8b_it_0311_091513,50,0.640000008046627,1.100000023841858,0.11000000014901161,0.4055672589689493,-0.00605986756272614,0,0.07125000000000001,,,,,,,2.25,2.675,,0.8316542148590088,0.0,8.15,0.4,0.15149705931544305,-0.00605986756272614
grpo_proteinlm_mlp_sft_qwen3_8b_it_0311_091513,55,0.6354166890184084,1.100000023841858,0.016666666915019352,0.45256104568640393,-0.005282886423325787,0,0.07291666666666669,,,,,,,2.375,1.8333333333333333,,0.770895779132843,0.0,9.208333333333334,0.375,0.09362513696153958,-0.005282886423325787
grpo_proteinlm_mlp_sft_qwen3_8b_it_0311_091513,60,0.6821875244379043,1.100000023841858,0.0,0.47091381549835204,-0.013817504001781344,0,0.07906250000000004,,,,,,,2.425,2.5125,,0.9178318500518798,0.0,8.075,0.2,0.1572421111166477,-0.013817504001781344
grpo_proteinlm_mlp_sft_qwen3_8b_it_0311_091513,65,0.5840625166893005,1.100000023841858,0.010000000149011612,0.47641404867172243,0.0028197014704346656,0,0.08093750000000002,,,,,,,2.425,2.48125,,0.8330117225646972,0.0,7.925,0.45,0.14305697418749333,0.0028197014704346656
grpo_proteinlm_mlp_sft_qwen3_8b_it_0311_091513,70,0.6687500044703484,1.100000023841858,0.15000000074505807,0.41431931406259537,-0.004685228457674384,0,0.07500000000000002,,,,,,,2.45,2.1,,0.8315402865409851,0.0,8.45,0.5,0.1681247491389513,-0.004685228457674384
grpo_proteinlm_mlp_sft_qwen3_8b_it_0311_091513,75,0.7009375214576721,1.100000023841858,0.04000000059604645,0.4692617982625961,-0.016796445264481007,0,0.07906250000000004,,,,,,,2.45,2.378125,,0.8477360248565674,0.0,8.8,0.325,0.1351927664130926,-0.016796445264481007
grpo_proteinlm_mlp_sft_qwen3_8b_it_0311_091513,80,0.7359375134110451,1.100000023841858,0.02500000037252903,0.4586307629942894,-0.012371647986583412,0,0.07187500000000002,,,,,,,1.9375,1.859375,,0.7916443049907684,0.0,7.8125,0.4375,0.07888981839641929,-0.012371647986583412
grpo_proteinlm_mlp_sft_qwen3_8b_it_0311_091513,85,0.6853125244379044,1.100000023841858,0.12000000029802323,0.4452185247093439,-0.011920585855841636,0,0.07906250000000005,,,,,,,2.5,2.046875,,0.8822356104850769,0.0,7.7,0.5,0.1621298586949706,-0.011920585855841636
grpo_proteinlm_mlp_sft_qwen3_8b_it_0311_091513,90,0.7515625149011612,1.100000023841858,0.25000000074505807,0.3843445468693972,0.007284511090256273,0,0.08281250000000004,,,,,,,2.625,2.228125,,0.868581223487854,0.0,8.925,0.575,0.10507267881184816,0.007284511090256273
grpo_proteinlm_mlp_sft_qwen3_8b_it_0311_091513,95,0.6425781399011612,1.100000023841858,0.037500000558793545,0.4730662666261196,0.003478126716800034,0,0.08007812500000003,,,,,,,2.5,1.8046875,,0.8730537742376328,0.0,8.6875,0.5625,0.0797678220551461,0.003478126716800034
grpo_proteinlm_mlp_sft_qwen3_8b_it_0311_091513,100,0.682187519967556,1.0000000216066838,0.13000000044703483,0.3613438710570335,-0.0008400680962949991,0,0.07906250000000004,,,,,,,2.1,1.934375,,0.8348494410514832,0.0,7.925,0.5,0.10679644402116537,-0.0008400680962949991
grpo_proteinlm_mlp_sft_qwen3_8b_it_0311_091513,105,0.6015625298023224,1.100000023841858,0.05000000074505806,0.5103750228881836,0.007079508155584335,0,0.08593750000000003,,,,,,,3.25,1.609375,,0.9999991059303284,0.0,8.0,0.25,0.10504959337413311,0.007079508155584335
grpo_proteinlm_mlp_sft_qwen3_8b_it_0311_091513,110,0.6449999988079071,1.100000023841858,0.11000000014901161,0.4447839893400669,-0.003960622847080231,0,0.07625000000000004,,,,,,,2.325,2.246875,,0.8406438708305359,0.0,9.025,0.4,0.11578976400196553,-0.003960622847080231
grpo_proteinlm_mlp_sft_qwen3_8b_it_0311_091513,115,0.5681250125169754,1.100000023841858,0.020000000298023225,0.47128157317638397,-0.011637968511786312,0,0.07437500000000002,,,,,,,2.8,2.44375,,0.8055814981460572,0.0,16.025,0.55,0.11120714582502841,-0.011637968511786312
grpo_proteinlm_mlp_sft_qwen3_8b_it_0311_091513,120,0.7739583353201548,1.100000023841858,0.06666666766007741,0.4459829280773799,0.014878806890919805,0,0.08645833333333337,,,,,,,2.375,1.9583333333333333,,0.9034775892893473,0.0,9.666666666666666,0.4583333333333333,0.19445323261121908,0.014878806890919805
grpo_proteinlm_mlp_sft_qwen3_8b_it_0311_091513,125,0.6725000262260437,1.100000023841858,0.030000000447034835,0.477260422706604,0.009931313060224056,0,0.08500000000000003,,,,,,,1.875,1.85625,,0.9619734048843384,0.0,12.125,0.4,0.23579299226403236,0.009931313060224056
grpo_proteinlm_mlp_sft_qwen3_8b_it_0311_091513,130,0.6706250131130218,1.100000023841858,0.020000000298023225,0.44184155762195587,-0.007604394992813468,0,0.08000000000000003,,,,,,,2.2,1.478125,,0.8019142508506775,0.0,8.75,0.45,0.18822574913501738,-0.007604394992813468
grpo_structure_text_sft_qwen3_8b_it_0311_142908,5,0.3205782353878021,0.956227570772171,0.0,0.21681299805641174,0.3444270703941584,0,0.00140625,74.8155,0.24843749999999992,0.01870322769526953,0.05203124999999999,65.72920887445888,0.0,,,,0.9999998807907104,0.0,48.25,0.0,0.20048003494739533,0.3444270703941584
grpo_structure_text_sft_qwen3_8b_it_0311_142908,10,0.4481637865304947,0.9805449068546295,0.0,0.23879548907279968,-0.23892558068037034,0,0.00015625,79.03025,0.3012499999999999,0.060976286643029745,0.08578124999999999,68.3455939309057,0.0,,,,0.9999999165534973,0.0,48.125,0.0,0.22504903972148896,-0.23892558068037034
grpo_structure_text_sft_qwen3_8b_it_0311_142908,15,0.5503070235252381,0.9982588350772857,0.052363411171882035,0.25710233896970747,-0.22237193807959557,0,0.0,78.776,0.32906249999999976,0.10733827678946015,0.11390625000000001,68.71424613902664,0.0,,,,0.9999996542930603,0.0,37.475,0.0,0.2351556435227394,-0.22237193807959557
grpo_structure_text_sft_qwen3_8b_it_0311_142908,20,0.6035640180110932,0.9989454030990601,0.09092716582758839,0.25807261615991595,-0.09592175111174583,0,0.0,79.32550000000002,0.34781249999999975,0.12309527515339176,0.13265624999999998,70.11015624999999,0.0,,,,0.9999995112419129,0.0,33.325,0.0,0.23398437201976777,-0.09592175111174583
grpo_structure_text_sft_qwen3_8b_it_0311_142908,25,0.6757374405860901,0.9976834833621979,0.2236788266220306,0.26634067893028257,-0.1043758787214756,0,0.00015625,80.47949999999994,0.3528124999999997,0.15683117895917353,0.16593750000000004,79.21140625,0.0,,,,0.9999994277954102,0.0,32.9,0.0,0.2234536051750183,-0.1043758787214756
grpo_structure_text_sft_qwen3_8b_it_0311_142908,30,0.6975743174552917,0.9995553910732269,0.26558138978653006,0.2645357444882393,-0.03339824452996254,0,0.00015625,80.9355,0.3590624999999997,0.1733555697445956,0.1650000000000001,85.1503125,0.0,,,,0.9107328534126282,0.0,33.175,0.0,0.1606845885515213,-0.03339824452996254
grpo_structure_text_sft_qwen3_8b_it_0311_142908,35,0.7425214529037476,1.0204424738883973,0.36805013516682267,0.2526088897138834,0.016850753873586654,0,0.0034374999999999996,80.66499999999998,0.3496874999999997,0.18924019722287055,0.20015625000000012,87.07671874999998,0.0,,,,0.9889432072639466,0.0,33.6,0.0,0.0743251284584403,0.016850753873586654
grpo_structure_text_sft_qwen3_8b_it_0311_142908,40,0.7650396049022674,1.0541544198989867,0.36824271231889727,0.23681244924664496,0.011178485862910748,0,0.06218749999999995,80.89225000000002,0.3449999999999997,0.18628960150274596,0.17156250000000012,85.905,0.0,,,,0.9817412495613098,0.0,35.9,0.0,0.09133309684693813,0.011178485862910748
grpo_structure_text_sft_qwen3_8b_it_0311_142908,45,0.8172617673873901,1.0934343934059143,0.40488155707716944,0.23297012969851494,-0.031061239261180162,0,0.09984374999999987,78.75399999999999,0.34999999999999964,0.19491802373174322,0.1725000000000001,82.441875,0.0,,,,0.945140790939331,0.0,36.1,0.0,0.13030576929450036,-0.031061239261180162
grpo_structure_text_sft_qwen3_8b_it_0311_142908,50,0.8839018702507019,1.0920777440071106,0.45503837168216704,0.1869061827659607,-0.04119796231389046,0,0.09999999999999988,80.48874999999998,0.3699999999999996,0.2010893750577228,0.21281250000000015,80.16374999999998,0.0,,,,0.9999993801116943,0.0,35.95,0.0,0.1488952800631523,-0.04119796231389046
grpo_structure_text_sft_qwen3_8b_it_0311_142908,55,0.8204469323158264,1.0942684054374694,0.37581791579723356,0.21989460811018943,-0.008288434101268649,0,0.09999999999999988,79.72975,0.3499999999999997,0.18482192866566038,0.18562500000000012,79.81156250000001,0.0,,,,0.9999992966651916,0.0,35.95,0.0,0.11805940382182598,-0.008288434101268649
grpo_structure_text_sft_qwen3_8b_it_0311_142908,60,0.9333379447460175,1.0997166156768798,0.5089869260787964,0.16014964394271375,-0.007643648143857718,0,0.09999999999999988,81.82124999999999,0.3649999999999996,0.21661920477651822,0.25171875000000027,79.67578125,0.0,,,,0.9999993443489075,0.0,35.875,0.0,0.10238364785909652,-0.007643648143857718
grpo_structure_text_sft_qwen3_8b_it_0311_142908,65,0.9535457193851471,1.099786639213562,0.478522926568985,0.1860110193490982,-0.034863559436053036,0,0.09999999999999988,82.65450000000001,0.38499999999999956,0.22948321919218873,0.23906250000000023,82.43125,0.0,,,,0.9999993324279786,0.0,35.975,0.0,0.12002030909061431,-0.034863559436053036
grpo_structure_text_sft_qwen3_8b_it_0311_142908,70,0.8788506329059601,1.0971688508987427,0.425751331448555,0.20552027300000192,-0.010974653856828808,0,0.09999999999999988,78.93475000000001,0.3449999999999997,0.20697564502900828,0.22687500000000022,80.185,0.0,,,,0.9999993324279786,0.0,35.9,0.0,0.09031152129173278,-0.010974653856828808
grpo_structure_text_sft_qwen3_8b_it_0311_142908,75,0.8951194047927856,1.0989878177642822,0.46822153627872465,0.21382777914404869,-0.0030560864135622976,0,0.09999999999999988,80.42749999999997,0.3649999999999996,0.2051194002004923,0.22500000000000023,82.605625,0.0,,,,0.9637675762176514,0.0,35.9,0.0,0.07474918831139803,-0.0030560864135622976
grpo_structure_text_sft_qwen3_8b_it_0311_142908,80,0.8179821193218231,1.0954044818878175,0.3532915830612183,0.2935350313782692,0.01568143875338137,0,0.09999999999999988,79.30949999999999,0.34499999999999964,0.19063837874622663,0.1823437500000001,84.659375,0.0,,,,0.9999992609024048,0.0,35.95,0.0,0.07815312761813402,0.01568143875338137
grpo_structure_text_sft_qwen3_8b_it_0311_142908,85,0.8736308813095093,1.0797052025794982,0.47298563122749326,0.18361981436610222,-0.0032187959412112834,0,0.09999999999999988,79.9795,0.33999999999999975,0.2147246157969494,0.21890625000000022,79.6740625,0.0,,,,0.9746633052825928,0.0,36.025,0.0,0.09784179171547294,-0.0032187959412112834
grpo_structure_text_sft_qwen3_8b_it_0311_142908,90,0.8223563730716705,1.0857143998146057,0.4677891284227371,0.21796963308006526,0.0007890292908996344,0,0.09999999999999988,78.86524999999999,0.33499999999999963,0.19329385321085282,0.19406250000000014,80.02031249999999,0.0,,,,0.982809329032898,0.0,35.925,0.0,0.11365241203457117,0.0007890292908996344
grpo_structure_mlp_sft_qwen3_8b_it_0312_011859,5,0.5183518171310425,1.029790711402893,0.10631928395239357,0.2586595803499222,-0.5742730095982551,0,0.06125000000000004,74.81550000000001,0.29875000000000007,0.07069556647750704,0.08765624999999999,65.19341344512402,0.0,,,,2.8886131708816263e-09,1.0,83.95,0.0,0.22786693945527076,-0.5742730095982551
grpo_structure_mlp_sft_qwen3_8b_it_0312_011859,10,0.5822423666715622,1.0363764643669129,0.11358499533234863,0.26804394349455835,-0.7729952350258827,0,0.06671875000000002,79.03025,0.32625000000000015,0.08474237245089397,0.10453124999999999,68.50273615066803,0.0,,,,3.5040819579279512e-09,0.9999999284744263,86.325,0.025,0.24459001570940017,-0.7729952350258827
grpo_structure_mlp_sft_qwen3_8b_it_0312_011859,15,0.5849887952208519,1.0710183888673783,0.10947900200520229,0.2746435604989529,-0.8412836998701095,0,0.06390625000000001,78.77600000000001,0.3271875000000001,0.08514504474168291,0.10874999999999999,66.94592958753003,0.0,,,,1.3294916834105663e-09,0.9999999284744263,79.0,0.0,0.2624107986688614,-0.8412836998701095
grpo_structure_mlp_sft_qwen3_8b_it_0312_011859,20,0.6205198720097542,1.076043352484703,0.18135628513700794,0.2719832964241505,-0.5875926420092583,0,0.06765625,79.3255,0.34906250000000016,0.09411363263555655,0.10968749999999998,69.0424087451581,0.0,,,,2.1584638076888042e-09,0.9999999761581421,78.25,0.0,0.2435286097228527,-0.5875926420092583
grpo_structure_mlp_sft_qwen3_8b_it_0312_011859,25,0.5815486684441566,1.067223733663559,0.07754083015024663,0.2913897715508938,-1.004653650522232,0,0.06531250000000002,80.4795,0.3259375000000001,0.08482990829466615,0.10546875,67.7050973289607,0.0,,,,2.883664174113676e-09,0.9999999642372132,91.525,0.025,0.2609876058995724,-1.004653650522232
grpo_structure_mlp_sft_qwen3_8b_it_0312_011859,30,0.6161403119564056,1.0751155376434327,0.09493840243667365,0.27649512588977815,-1.107549388706684,0,0.06656250000000002,80.9355,0.3465625000000001,0.09004656127293705,0.11296874999999995,67.4989059022331,0.0,,,,1.7410740960066563e-09,1.0,81.925,0.0,0.26321992501616476,-1.107549388706684
grpo_structure_mlp_sft_qwen3_8b_it_0312_011859,35,0.5853317692875862,1.082143422961235,0.07044545211829245,0.31332884505391123,-1.0206551477313042,0,0.06578125000000001,80.66499999999999,0.31187500000000007,0.09564427238009748,0.11203124999999999,70.59122091846963,0.0,,,,2.7495715149150612e-09,0.9999999284744263,93.25,0.0,0.2702025927603245,-1.0206551477313042
grpo_structure_mlp_sft_qwen3_8b_it_0312_011859,40,0.5743788942694664,1.0572052657604218,0.09016842647006343,0.28343304619193077,-1.412232431024313,0,0.061093750000000016,80.89225,0.3265625000000001,0.08031638490855988,0.10640625,68.59373678098652,0.0,,,,2.728164782972442e-09,1.0000000238418578,89.8,0.025,0.2591961808502674,-1.412232431024313
grpo_structure_mlp_sft_qwen3_8b_it_0312_011859,45,0.5967011988162995,1.0473598927259444,0.09623006135225295,0.27032439336180686,-0.9213242694735527,0,0.0665625,78.75399999999999,0.3268750000000001,0.08935744316347598,0.11390624999999999,68.14307563206168,0.0,,,,1.8400648116312368e-09,0.9999999761581421,85.45,0.025,0.25178962722420695,-0.9213242694735527
grpo_structure_mlp_sft_qwen3_8b_it_0312_011859,50,0.6003770843148232,1.0728377759456635,0.15636214166879653,0.2664785698056221,-0.9926099520176649,0,0.0684375,80.48874999999998,0.34250000000000014,0.09240833728932009,0.09703124999999999,68.86833572223107,0.0,,,,2.372344010126426e-09,0.9999999642372132,82.725,0.0,0.25030759498476984,-0.9926099520176649
grpo_structure_mlp_sft_qwen3_8b_it_0312_011859,55,0.5984720557928085,1.0791550934314729,0.06611730027943849,0.2862871453166008,-1.2236744970083238,0,0.0675,79.72975000000002,0.3343750000000001,0.09206581746420416,0.10453124999999996,67.45039267539615,0.0,,,,1.9674627038668293e-09,1.0,81.125,0.0,0.27699128091335296,-1.2236744970083238
grpo_structure_mlp_sft_qwen3_8b_it_0312_011859,60,0.5616423450410366,1.065490436553955,0.0972158051095903,0.2830186761915684,-1.0624597042798996,0,0.061562500000000006,81.82124999999999,0.32093750000000015,0.08164234269760731,0.0975,67.11910020398837,0.0,,,,3.0131019013168724e-09,0.7999999761581421,93.075,0.05,0.25041453428566457,-1.0624597042798996
grpo_structure_mlp_sft_qwen3_8b_it_0312_011859,65,0.5933947190642357,1.0782757699489594,0.10513640642166137,0.28397185131907465,-1.314101940393448,0,0.06281250000000002,82.6545,0.3456250000000002,0.08370722537498756,0.10125000000000002,67.80782408912648,0.0,,,,2.381046648736174e-09,0.9999999165534973,87.525,0.05,0.26203928142786026,-1.314101940393448
grpo_structure_mlp_sft_qwen3_8b_it_0312_011859,70,0.5870687261223793,1.0766791254281998,0.12089552935212851,0.28449028804898263,-1.207991649210453,0,0.06546875000000002,78.93475,0.3300000000000002,0.08753747403300595,0.10406249999999997,66.92407673326035,0.0,,,,1.8368461807138915e-09,0.9999999880790711,87.475,0.0,0.26820234283804895,-1.207991649210453
grpo_structure_mlp_sft_qwen3_8b_it_0312_011859,75,0.5999843031167984,1.0732469737529755,0.09169943404108523,0.2714192748069763,-1.1077567622065545,0,0.06984375000000001,80.4275,0.33656250000000015,0.08670304986368985,0.10687499999999998,67.28895585556555,0.0,,,,2.942075694178925e-09,0.9999999880790711,85.575,0.0,0.25788051784038546,-1.1077567622065545
grpo_structure_mlp_sft_qwen3_8b_it_0312_011859,80,0.6064052015542984,1.0832112967967986,0.10657969521125779,0.29788771346211435,-1.304894521087408,0,0.06843750000000001,79.30949999999999,0.32531250000000006,0.09640520711438388,0.11625,69.61687643700797,0.0,,,,2.1365917368676435e-09,0.9999999284744263,86.325,0.025,0.27018478363752363,-1.304894521087408
grpo_structure_mlp_sft_qwen3_8b_it_0312_011859,85,0.5367129936814308,1.066190692782402,0.07059335676021875,0.2870049148797989,-0.7646876752376557,0,0.06140625000000003,79.9795,0.30468750000000006,0.08015049070240932,0.09046874999999997,66.20274523101419,0.0,,,,1.306322172656138e-09,0.9999999642372132,87.275,0.05,0.2613449886441231,-0.7646876752376557
grpo_structure_mlp_sft_qwen3_8b_it_0312_011859,90,0.5333277150988579,1.0467557519674302,0.07195628380896153,0.28858036994934083,-1.2091928102076053,0,0.064375,78.86525,0.29406250000000006,0.0820777136671972,0.09281249999999999,68.89642706739457,0.0,,,,1.465759014163126e-09,0.9999999523162841,89.525,0.075,0.24187356531620025,-1.2091928102076053
grpo_structure_text_sft_qwen3_8b_it_0312_032738,5,0.6280056893825531,1.0930547833442688,0.20243290178477763,0.2589996114373207,-0.6532966077327729,0,0.08999999999999994,74.8155,0.3218749999999998,0.09800568954616044,0.11812499999999997,63.3724789503233,0.0,,,,0.9999997973442077,0.0,82.375,0.0,0.2370198205113411,-0.6532966077327729
grpo_structure_text_sft_qwen3_8b_it_0312_032738,10,0.6789233684539795,1.0982641100883483,0.2801558434963226,0.25545708239078524,-0.5098941057920456,0,0.09546874999999991,79.03025,0.34624999999999967,0.1101733694439169,0.12703124999999998,66.35036182040241,0.0,,,,0.9999997615814209,0.0,89.325,0.0,0.23620797842741012,-0.5098941057920456
grpo_structure_text_sft_qwen3_8b_it_0312_032738,15,0.7077693581581116,1.0995556712150574,0.3008387856185436,0.2871477842330933,-0.409879732131958,0,0.0987499999999999,78.776,0.34062499999999973,0.12964435834038837,0.13875,74.34046875,0.0,,,,0.9999996423721313,0.0,68.25,0.0,0.22709587961435318,-0.409879732131958
grpo_structure_text_sft_qwen3_8b_it_0312_032738,20,0.7794802129268646,1.0984670519828796,0.3411537542939186,0.2724118873476982,-0.07397086024284363,0,0.09984374999999987,79.32550000000002,0.35499999999999965,0.16526144670377566,0.1593750000000001,85.29015625000001,0.0,,,,0.8873705863952637,0.0,52.125,0.0,0.15329109467566013,-0.07397086024284363
grpo_structure_text_sft_qwen3_8b_it_0312_032738,25,0.8430836021900177,1.0999033570289611,0.45313575491309166,0.23348783887922764,-0.024343668855726718,0,0.09999999999999988,80.47949999999994,0.3543749999999997,0.19323982954268318,0.19546875000000014,87.676875,0.0,,,,0.7028494596481323,0.0,51.15,0.0,0.07524590902030467,-0.024343668855726718
grpo_structure_text_sft_qwen3_8b_it_0312_032738,30,0.8139556884765625,1.0960111379623414,0.3823373384773731,0.2526694245636463,-0.024845067947171628,0,0.09999999999999988,80.9355,0.3599999999999996,0.18426818407545967,0.16968750000000007,85.96421875000001,0.0,,,,0.716351306438446,0.0,51.0,0.0,0.09510872215032577,-0.024845067947171628
grpo_structure_text_sft_qwen3_8b_it_0312_032738,35,0.8734918355941772,1.0977935314178466,0.4608784273266792,0.2212018720805645,-0.007249923422932625,0,0.09999999999999988,80.66499999999998,0.3499999999999997,0.20411682387945293,0.21937500000000018,82.71906249999999,0.0,,,,0.9999993681907654,0.0,50.975,0.0,0.09770382642745971,-0.007249923422932625
grpo_structure_text_sft_qwen3_8b_it_0312_032738,40,0.8439237654209137,1.0952525734901428,0.4605889283120632,0.20453320890665055,-0.0020662594586610796,0,0.09999999999999988,80.89225000000002,0.3449999999999997,0.18611125665185682,0.21281250000000015,77.50203124999999,0.0,,,,0.9999995231628418,0.0,50.65,0.0,0.13110448122024537,-0.0020662594586610796
grpo_structure_text_sft_qwen3_8b_it_0312_032738,45,0.8258880257606507,1.09812833070755,0.4717024028301239,0.20321902632713318,0.00776205649599433,0,0.09999999999999988,78.75399999999999,0.34999999999999964,0.18604428947292037,0.18984375000000014,75.3665625,0.0,,,,0.9999995231628418,0.0,50.3,0.0,0.1234642043709755,0.00776205649599433
grpo_structure_text_sft_qwen3_8b_it_0312_032738,50,0.8997363805770874,1.0916430592536925,0.49367724657058715,0.18439585566520691,-0.009327232278883458,0,0.09999999999999988,80.48874999999998,0.3699999999999996,0.20426763332470727,0.22546875000000025,78.8684375,0.0,,,,0.9999995231628418,0.0,50.4,0.0,0.10792433619499206,-0.009327232278883458
grpo_structure_text_sft_qwen3_8b_it_0312_032738,55,0.8550286889076233,1.0743555188179017,0.47514139041304587,0.19720704555511476,0.008679553796537221,0,0.09999999999999988,79.72975,0.3499999999999997,0.19643494137155362,0.20859375000000022,80.18421875,0.0,,,,0.9999993443489075,0.0,50.4,0.0,0.08529633115977049,0.008679553796537221
grpo_structure_text_sft_qwen3_8b_it_0312_032738,60,0.9309783041477203,1.09712815284729,0.6535090029239654,0.14107614904642105,-0.010748625919222831,0,0.09999999999999988,81.82124999999999,0.3649999999999996,0.21238456932547706,0.25359375000000023,78.81,0.0,,,,0.9978970170021058,0.0,50.175,0.0,0.04938152637332678,-0.010748625919222831
grpo_structure_text_sft_qwen3_8b_it_0312_032738,65,0.9618664741516113,1.099955105781555,0.5975142300128937,0.16614002771675587,-0.006203541136346758,0,0.09999999999999988,82.65450000000001,0.38499999999999956,0.23171022019516388,0.24515625000000024,82.77328125,0.0,,,,0.8755418419837951,0.0,50.775,0.0,0.0697697902098298,-0.006203541136346758
grpo_structure_text_sft_qwen3_8b_it_0312_032738,70,0.8762699663639069,1.0975696444511414,0.5055493049323558,0.19230901822447777,-0.01621874077245593,0,0.09999999999999988,78.93475000000001,0.3449999999999997,0.20298871649862407,0.2282812500000002,79.72812499999998,0.0,,,,0.9990313053131104,0.0,50.175,0.0,0.04794451110064983,-0.01621874077245593
grpo_structure_text_sft_qwen3_8b_it_0312_032738,75,0.9047347128391265,1.0997801303863526,0.5246880739927292,0.20252586677670478,0.008977141976356507,0,0.09999999999999988,80.42749999999997,0.3649999999999996,0.2095784500653099,0.23015625000000023,81.9715625,0.0,,,,0.9999995827674866,0.0,50.575,0.0,0.0626857964321971,0.008977141976356507
grpo_structure_text_sft_qwen3_8b_it_0312_032738,80,0.8223267376422883,1.098543894290924,0.37709971219301225,0.2769530862569809,-0.000563306175172329,0,0.09999999999999988,79.30949999999999,0.34499999999999964,0.18888923128091722,0.1884375000000001,82.87328124999999,0.0,,,,0.965418565273285,0.0,50.625,0.0,0.05008178977295756,-0.000563306175172329
grpo_structure_text_sft_qwen3_8b_it_0312_032738,85,0.8658391952514648,1.0815173447132111,0.5314181365072728,0.1828749492764473,-0.011298456182703375,0,0.09999999999999988,79.9795,0.33999999999999975,0.20646418615866424,0.21937500000000018,78.74578125,0.0,,,,0.9999993443489075,0.0,50.175,0.0,0.05899137407541275,-0.011298456182703375
grpo_structure_text_sft_qwen3_8b_it_0312_032738,90,0.8443510711193085,1.0907023668289184,0.5651659935712814,0.18661229647696018,0.010435284581035376,0,0.09999999999999988,78.86524999999999,0.33499999999999963,0.2049760647583025,0.2043750000000002,80.521875,0.0,,,,0.9695541739463807,0.0,50.35,0.0,0.056978417187929155,0.010435284581035376
grpo_structure_mlp_sft_frozen_mm_qwen3_8b_it_0312_101631,5,0.5559497132897377,1.0519546419382095,0.12524541825987398,0.24866263717412948,-0.6835427153855562,0,0.06500000000000002,74.81550000000001,0.3159375000000001,0.07798096650917606,0.09703124999999999,66.70554474232665,0.0,,,,0.999999737739563,0.0,82.475,0.0,0.23431882560253142,-0.6835427153855562
grpo_structure_mlp_sft_frozen_mm_qwen3_8b_it_0312_101631,10,0.6015781201422215,1.04473537504673,0.1857539601624012,0.26494689509272573,-0.9603116691112519,0,0.07046875000000001,79.03025,0.3284375000000001,0.09298437392247491,0.10968749999999998,69.41900007062522,0.0,,,,0.999999725818634,0.0,89.425,0.025,0.2373152643442154,-0.9603116691112519
grpo_structure_mlp_sft_frozen_mm_qwen3_8b_it_0312_101631,15,0.6515577256679534,1.0884185612201691,0.169408708478295,0.3080605581402779,-0.999114741384983,0,0.08265625000000003,78.77600000000001,0.314375,0.12327647524606722,0.13124999999999998,73.90646236559141,0.0,,,,0.9999996542930603,0.0,82.45,0.05,0.24929838255047798,-0.999114741384983
grpo_structure_mlp_sft_frozen_mm_qwen3_8b_it_0312_101631,20,0.7120796084403992,1.0856832027435304,0.31144341455255925,0.2853569779545069,-0.5794645475223661,0,0.09125000000000007,79.3255,0.33250000000000013,0.14161086351217905,0.14671874999999995,83.98622983870969,0.0,,,,0.9999994516372681,0.0,70.05,0.05,0.1684029120951891,-0.5794645475223661
grpo_structure_mlp_sft_frozen_mm_qwen3_8b_it_0312_101631,25,0.8291709035634994,1.0657337367534638,0.5547197137027979,0.18154307706281542,-0.18279749158537015,0,0.09968750000000007,80.4795,0.35468750000000027,0.1840146615547688,0.19078124999999996,88.07457812499999,0.0,,,,0.5759054780006408,0.0,56.1,0.0,0.07595210988074541,-0.18279749158537015
grpo_structure_mlp_sft_frozen_mm_qwen3_8b_it_0312_101631,30,0.8028843730688096,1.005552875995636,0.5623829312622547,0.17024859320372343,-0.018462047300999984,0,0.10000000000000006,80.9355,0.3600000000000002,0.1788218604096278,0.16406249999999997,88.52281250000003,0.0,,,,0.21754607558250427,0.0,52.65,0.0,0.04129682974889874,-0.018462047300999984
grpo_structure_mlp_sft_frozen_mm_qwen3_8b_it_0312_101631,35,0.8367816239595414,1.0552841693162918,0.5908964909613132,0.2002289599273354,-0.008791029689018615,0,0.10000000000000006,80.66499999999999,0.3500000000000002,0.19178161296556326,0.19499999999999992,88.44000000000003,0.0,,,,0.1346650794148445,0.0,51.65,0.0,0.024359119014116005,-0.008791029689018615
grpo_structure_mlp_sft_frozen_mm_qwen3_8b_it_0312_101631,40,0.7952513426542283,0.9849305182695389,0.5980897322297096,0.16600116044282914,0.0016365573974326253,0,0.10000000000000006,80.89225,0.34500000000000014,0.18525132619637502,0.16499999999999998,88.27437500000003,0.0,,,,0.06876161694526672,0.0,51.4,0.0,0.01765811659861356,0.0016365573974326253
grpo_structure_mlp_sft_frozen_mm_qwen3_8b_it_0312_101631,45,0.7639993712306022,0.9730209961533547,0.5526192065328359,0.1935745588503778,0.00028218372899573295,0,0.10000000000000006,78.75399999999999,0.35000000000000014,0.1714993741436865,0.1425,88.30781250000004,0.0,,,,0.04303624704480171,0.0,51.2,0.05,0.01150212574575562,0.00028218372899573295
grpo_structure_mlp_sft_frozen_mm_qwen3_8b_it_0312_101631,50,0.8180243775248528,0.9798466697335243,0.6574785023927688,0.15369092209730298,0.0028446898504626006,0,0.10000000000000006,80.48874999999998,0.3700000000000002,0.18302438484548472,0.16499999999999998,88.22593750000004,0.0,,,,0.02165337260812521,0.0,51.15,0.2,0.007409755158005282,0.0028446898504626006
grpo_structure_mlp_sft_frozen_mm_qwen3_8b_it_0312_101631,55,0.8068027101457119,0.9670655220746994,0.6520481318235397,0.15267153255699667,0.002818971006490756,0,0.10000000000000006,79.72975000000002,0.35000000000000014,0.18430270148760425,0.1725,88.26000000000006,0.0,,,,0.025319427624344824,0.0,51.05,0.175,0.005781547285732813,0.002818971006490756
grpo_structure_mlp_sft_frozen_mm_qwen3_8b_it_0312_101631,60,0.8587989926338195,1.0592607647180556,0.6622763335704803,0.19268290810286998,0.0014894458872731775,0,0.10000000000000006,81.82124999999999,0.3650000000000002,0.19879898821472125,0.19499999999999995,88.27312500000002,0.0,,,,0.020356679707765578,0.0,51.15,0.05,0.0070158549526240675,0.0014894458872731775
grpo_structure_mlp_sft_frozen_mm_qwen3_8b_it_0312_101631,65,0.9392720520496368,1.0648031651973724,0.8083691045641899,0.12133076888276265,0.0004255349820596166,0,0.10000000000000006,82.6545,0.3850000000000003,0.22927203533465218,0.22500000000000003,88.23421875000004,0.0,,,,0.022653795778751373,0.0,51.0,0.175,0.0064430610131239515,0.0004255349820596166
grpo_structure_mlp_sft_frozen_mm_qwen3_8b_it_0312_101631,70,0.7991904824972152,0.9609859615564347,0.635022285208106,0.15676726812380365,0.0010889623078128353,0,0.10000000000000006,78.93475,0.34500000000000025,0.18169047176732558,0.17249999999999993,88.29062500000005,0.0,,,,0.02853955589234829,0.0,51.1,0.125,0.006001467436931307,0.0010889623078128353
grpo_structure_mlp_sft_frozen_mm_qwen3_8b_it_0312_101631,75,0.8203563913702965,1.019103303551674,0.6237739324569702,0.18835558639839292,0.0046387790411245074,0,0.10000000000000006,80.4275,0.36500000000000016,0.1828563933442638,0.17249999999999993,88.19640625000002,0.0,,,,0.01901789605617523,0.0,51.2,0.025,0.008545782667351887,0.0046387790411245074
grpo_structure_mlp_sft_frozen_mm_qwen3_8b_it_0312_101631,80,0.7990268789231777,1.0052549690008163,0.5971175570040941,0.19834021554561332,0.003258310125602293,0,0.10000000000000006,79.30949999999999,0.34500000000000014,0.1815268815857632,0.17249999999999996,88.25265625000004,0.0,,,,0.023553545773029327,0.0,51.15,0.125,0.005841789776116002,0.003258310125602293
grpo_structure_mlp_sft_frozen_mm_qwen3_8b_it_0312_101631,85,0.8039838582277298,0.970042285323143,0.6342621672898531,0.1614322843728587,-0.00267018758750055,0,0.10000000000000006,79.9795,0.34000000000000014,0.1839838537848027,0.18,88.18187500000006,0.0,,,,0.020062430389225484,0.0,51.05,0.025,0.0072918185673188415,-0.00267018758750055
grpo_structure_mlp_sft_frozen_mm_qwen3_8b_it_0312_101631,90,0.7689200341701508,0.9246034622192383,0.6160436734557152,0.14753014179877938,0.00014409291325137019,0,0.10000000000000006,78.86525,0.3350000000000002,0.16892004244564304,0.16499999999999995,88.21187500000006,0.0,,,,0.01676103360950947,0.0,51.25,0.05,0.007454462244641036,0.00014409291325137019
grpo_structure_mlp_sft_frozen_mm_focal_qwen3_8b_it_0312_182035,5,0.5131656132638455,1.006928689777851,0.10762925206217915,0.30110380668193104,-0.4600291162729263,0,0.06218750000000001,74.81550000000001,0.294375,0.0761432224843573,0.09000000000000001,67.39864991489992,0.0,,,1.0159997452162297,0.9999997973442077,0.0,86.85,0.025,0.3011038042604923,-0.4600291162729263
grpo_structure_mlp_sft_frozen_mm_focal_qwen3_8b_it_0312_182035,10,0.5518653571605683,0.9501924201846123,0.19451619152207514,0.2620738197118044,-0.904880902916193,0,0.07312500000000002,79.03025,0.3150000000000001,0.08752494943491299,0.10874999999999999,66.9666554607673,0.0,,,0.941111429399338,0.9999997019767761,0.0,88.65,0.05,0.2620738189667463,-0.904880902916193
grpo_structure_mlp_sft_frozen_mm_focal_qwen3_8b_it_0312_182035,15,0.641466423869133,1.040877066552639,0.24740304615115746,0.31034570932388306,-0.988016513735056,0,0.08796875,78.776,0.3343750000000001,0.11891135900389993,0.13734375000000001,69.86100682234431,0.0,,,0.9651644890846075,0.9999996066093445,0.0,73.6,0.0,0.3103457108139992,-0.988016513735056
grpo_structure_mlp_sft_frozen_mm_focal_qwen3_8b_it_0312_182035,20,0.6725996129214764,1.0382496669888497,0.32668161695009984,0.2745787065476179,-0.44905712697654965,0,0.09453125000000002,79.3255,0.35312500000000013,0.1279124824172794,0.14671874999999995,72.72631249999998,0.0,,,0.9702480146977696,0.9999994277954102,0.0,65.375,0.0,0.2745787024497986,-0.44905712697654965
grpo_structure_mlp_sft_frozen_mm_focal_qwen3_8b_it_0312_182035,25,0.6515508770942688,0.9537950159981847,0.3907585317268968,0.2330182766309008,0.03941224828595295,0,0.09937500000000006,80.4795,0.35437500000000016,0.1299007944842659,0.1396875,74.39578125,0.0,,,0.949913912245121,0.9358349561691284,0.0,57.65,0.0,0.2330182783305645,0.03941224828595295
grpo_structure_mlp_sft_frozen_mm_focal_qwen3_8b_it_0312_182035,30,0.7194256946444512,0.9527440018951893,0.450951336696744,0.18824208725709468,0.0409575836500153,0,0.09984375000000006,80.93549999999999,0.38000000000000017,0.12901780593198336,0.15562499999999996,70.10875000000001,0.0,,,0.9702480146977699,0.8754504442214965,0.0,51.3,0.0,0.1882420878391713,0.0409575836500153
grpo_structure_mlp_sft_frozen_mm_focal_qwen3_8b_it_0312_182035,35,0.6932766325771809,0.9325455255806446,0.46068268548697233,0.17837142848875373,0.06290064142085612,0,0.10000000000000006,80.66499999999999,0.3706250000000002,0.12715013024490873,0.15140624999999994,70.12640625,0.0,,,1.0044681256093637,0.8543509602546692,0.0,51.225,0.0,0.17837143260985613,0.06290064142085612
grpo_structure_mlp_sft_frozen_mm_focal_qwen3_8b_it_0312_182035,40,0.7173610415309668,0.9479557186365127,0.4579166144132614,0.19063106809044256,-0.07620955982711167,0,0.10000000000000006,80.89225,0.34812500000000013,0.15760777931155828,0.17765625,77.2346875,0.0,,,0.9702480146977699,0.9843009233474731,0.0,51.55,0.0,0.1906310667633079,-0.07620955982711167
grpo_structure_mlp_sft_frozen_mm_focal_qwen3_8b_it_0312_182035,45,0.7032255202531814,0.9434645116329193,0.487250660546124,0.18311694343574345,-0.055557676358148456,0,0.10000000000000006,78.75399999999999,0.33812500000000023,0.16593110546191098,0.16031249999999997,81.87187500000002,0.0,,,0.9854985915372565,0.938908576965332,0.0,51.35,0.0,0.18311694408766926,-0.055557676358148456
grpo_structure_mlp_sft_frozen_mm_focal_qwen3_8b_it_0312_182035,50,0.7597869068384171,0.9505548000335693,0.5157039707526565,0.16621523160429205,-0.014548682648455723,0,0.09984375000000006,80.48875,0.3725000000000002,0.17186361929316263,0.18562499999999998,78.75796875,0.0,,,0.9156938013335267,0.9999994993209839,0.0,50.95,0.025,0.16621523083304054,-0.014548682648455723
grpo_structure_mlp_sft_frozen_mm_focal_qwen3_8b_it_0312_182035,55,0.7679165065288543,0.9008989300578832,0.5889203574508428,0.10679813485621707,-0.07535138233943144,0,0.10000000000000006,79.72975,0.3781250000000002,0.16784295187749573,0.18796874999999996,75.00562500000001,0.0,,,0.9651644890846077,0.9678793311119079,0.0,51.25,0.05,0.10679813487804495,-0.07535138233943144
grpo_structure_mlp_sft_frozen_mm_focal_qwen3_8b_it_0312_182035,60,0.8113437533378601,0.9449905768036843,0.6244242502376437,0.12136820792802609,-0.046530285812332296,0,0.10000000000000006,81.82124999999999,0.38625000000000026,0.18231227510988898,0.2282812499999999,76.49499999999998,0.0,,,0.895359698880878,0.9999995350837707,0.0,51.375,0.025,0.12136821167659946,-0.046530285812332296
grpo_structure_mlp_sft_frozen_mm_focal_qwen3_8b_it_0312_182035,65,0.8116117790341377,0.9263903439044953,0.5630779152736067,0.12288808322628028,-0.11907952853944152,0,0.10000000000000006,82.65449999999998,0.39812500000000023,0.20456250643666865,0.2146875,80.02874999999999,0.0,,,0.8750255964282291,0.9946842074394227,0.0,51.925,0.0,0.12288808262674138,-0.11907952853944152
grpo_structure_mlp_sft_frozen_mm_focal_qwen3_8b_it_0312_182035,70,0.7794060803949833,0.8896893851459027,0.603891384229064,0.1040790340746753,-0.05200410106917843,0,0.10000000000000006,78.93475,0.36250000000000016,0.18946893527403175,0.20343749999999994,79.23437499999999,0.0,,,1.0197187024488508,0.9999995946884155,0.0,51.075,0.0,0.10407903518644161,-0.05200410106917843
grpo_structure_mlp_sft_frozen_mm_focal_qwen3_8b_it_0312_182035,75,0.7729978948831558,0.8614882107824087,0.605559729784727,0.07329332968402014,-0.0487087487745157,0,0.10000000000000006,80.4275,0.3775000000000002,0.18122495002866348,0.19031249999999994,79.05671875,0.0,,,0.9106102757203647,0.973183023929596,0.0,50.775,0.05,0.07329333033376315,-0.0487087487745157
grpo_structure_mlp_sft_frozen_mm_focal_qwen3_8b_it_0312_182035,80,0.7752231329679489,0.9125285007059574,0.6181473776698112,0.09357713258941658,-0.08313312575919554,0,0.10000000000000006,79.30949999999999,0.3518750000000002,0.19143169638486596,0.2057812499999999,78.56609375,0.0,,,1.0197187024488505,0.9271000027656555,0.0,51.15,0.025,0.09357713113422506,-0.08313312575919554
grpo_structure_mlp_sft_frozen_mm_focal_qwen3_8b_it_0312_182035,85,0.8343725502490997,0.934683458507061,0.628077825717628,0.1063671792158857,-0.11370241238037124,0,0.09984375000000006,79.9795,0.3800000000000002,0.20196789840379553,0.22546874999999997,76.93703125,0.0,,,0.9600809634714456,0.9999994397163391,0.0,51.025,0.025,0.10636717845918611,-0.11370241238037124
grpo_structure_mlp_sft_frozen_mm_focal_qwen3_8b_it_0312_182035,90,0.8243850596249104,0.9333943575620651,0.7058262810111046,0.07768088615448505,-0.05036748880011146,0,0.09968750000000007,78.86525,0.37937500000000024,0.20278573454677828,0.21234374999999991,77.07109375,0.0,,,0.9156938013335267,0.870922577381134,0.0,50.5,0.05,0.07768088545053616,-0.05036748880011146
grpo_structure_classify_qwen3_8b_it_0312_215435,5,0.41111013703048227,1.08781149238348,0.005000000074505806,0.473509806394577,-0.7252828702330589,0,0.06531250000000002,74.81550000000001,,,,,0.0,,,1.0159997452162297,0.9999997973442077,0.0,88.3,0.025,0.4735098123550415,-0.7252828702330589
grpo_structure_classify_qwen3_8b_it_0312_215435,10,0.4301955562084913,1.0411114558577537,0.005000000074505806,0.4542985498905182,-1.027346634864807,0,0.07375000000000002,79.03025,,,,,0.0,,,0.941111429399338,0.9999998092651368,0.0,81.35,0.0,0.45429854914546014,-1.027346634864807
grpo_structure_classify_qwen3_8b_it_0312_215435,15,0.5048848524689674,1.0395597487688064,0.04000000059604645,0.45132088512182233,-0.7793971434235573,0,0.08515624999999999,78.776,,,,,0.0,,,0.9651644890846075,0.999999713897705,0.0,81.575,0.025,0.4513208881020546,-0.7793971434235573
grpo_structure_classify_qwen3_8b_it_0312_215435,20,0.4973576419055462,1.0446432754397392,0.052500000782310964,0.41680263839662074,-1.105585109256208,0,0.09187500000000001,79.3255,,,,,0.0,,,0.9702480146977696,0.9999996304512024,0.0,72.75,0.025,0.41680264063179495,-1.105585109256208
grpo_structure_classify_qwen3_8b_it_0312_215435,25,0.5933333592489362,0.9439831454306841,0.17552379369735718,0.2898623062763363,-0.4461050260812044,0,0.09703125000000004,80.4795,,,,,0.0,,,0.949913912245121,0.9999994397163391,0.0,59.05,0.15,0.2898623059038073,-0.4461050260812044
grpo_structure_classify_qwen3_8b_it_0312_215435,30,0.5790412472561002,0.9386289669200778,0.19802379403263332,0.2604125183075666,0.1353766517713666,0,0.09953125000000006,80.93549999999999,,,,,0.0,,,0.9702480146977699,0.9999993681907654,0.0,57.125,0.2,0.2604125175625086,0.1353766517713666
grpo_structure_classify_qwen3_8b_it_0312_215435,35,0.6272430812940002,0.9182948602363468,0.3472571037709713,0.20419304706156255,-0.14030219204723834,0,0.10000000000000006,80.66499999999999,,,,,0.0,,,1.0044681256093637,0.9646466255187989,0.0,54.425,0.375,0.2041930455714464,-0.14030219204723834
grpo_structure_classify_qwen3_8b_it_0312_215435,40,0.5893384106457233,0.9643172521144152,0.3241523452103138,0.2345691792666912,0.005351660214364529,0,0.09984375000000006,80.89225,,,,,0.0,,,0.9702480146977699,0.9225882649421692,0.0,53.5,0.325,0.2345691781491041,0.005351660214364529
grpo_structure_classify_qwen3_8b_it_0312_215435,45,0.5438801165670156,0.9281912617385387,0.2005237940698862,0.2698497589677572,-0.21403499729931355,0,0.09984375000000006,78.75399999999999,,,,,0.0,,,0.9854985915372565,0.9982943058013916,0.0,54.325,0.225,0.2698497578501701,-0.21403499729931355
grpo_structure_classify_qwen3_8b_it_0312_215435,50,0.6349492764100433,0.9900055373087525,0.1824190355837345,0.3507093623280525,-0.07159436214715242,0,0.10000000000000006,80.48875,,,,,0.0,,,0.9156938013335267,0.9881879329681397,0.0,54.5,0.125,0.3507093619555235,-0.07159436214715242
grpo_structure_classify_qwen3_8b_it_0312_215435,55,0.6270187936723233,1.0651645109057426,0.14629304520785807,0.37855440117418765,0.019865728728473187,0,0.10000000000000006,79.72975,,,,,0.0,,,0.9651644890846077,0.9999994993209839,0.0,53.525,0.05,0.37855440005660057,0.019865728728473187
grpo_structure_classify_qwen3_8b_it_0312_215435,60,0.7044657312333584,0.9953597158193588,0.2211285525932908,0.3445142537355423,-0.2461714006960392,0,0.09984375000000006,81.82124999999999,,,,,0.0,,,0.895359698880878,0.9999995231628418,0.0,54.675,0.15,0.3445142596960068,-0.2461714006960392
grpo_structure_classify_qwen3_8b_it_0312_215435,65,0.5713953668251633,0.9493373239412903,0.14637657180428504,0.3632782451808453,0.012610941007733346,0,0.09953125000000006,82.65449999999998,,,,,0.0,,,0.8750255964282291,0.9999996662139893,0.0,55.25,0.075,0.3632782530039549,0.012610941007733346
grpo_structure_classify_qwen3_8b_it_0312_215435,70,0.6764519136399031,0.9592337254434824,0.17991903554648161,0.320811453461647,-0.1034268219023943,0,0.09984375000000006,78.93475,,,,,0.0,,,1.0197187024488508,0.9999995589256286,0.0,56.85,0.15,0.320811453461647,-0.1034268219023943
grpo_structure_classify_qwen3_8b_it_0312_215435,75,0.6340730078518391,0.9592337254434824,0.29052635487169026,0.28489368557929995,-0.2540610257536173,0,0.09984375000000006,80.4275,,,,,0.0,,,0.9106102757203647,0.9999995350837707,0.0,55.05,0.275,0.2848936848342419,-0.2540610257536173
grpo_structure_classify_qwen3_8b_it_0312_215435,80,0.6984290426597,0.9386289669200778,0.4218219593167305,0.21768709309399129,-0.01542390212416649,0,0.09984375000000006,79.30949999999999,,,,,0.0,,,1.0197187024488505,0.9999997735023498,0.0,54.45,0.45,0.21768709532916547,-0.01542390212416649
grpo_structure_classify_qwen3_8b_it_0312_215435,85,0.7075660366564989,0.9541501987725496,0.24931683782488107,0.2948751300573349,-0.4994962077587843,0,0.10000000000000006,79.9795,,,,,0.0,,,0.9600809634714456,0.999999487400055,0.0,55.6,0.225,0.294875131174922,-0.4994962077587843
grpo_structure_classify_qwen3_8b_it_0312_215435,90,0.699509846419096,0.9643172521144152,0.34734063036739826,0.244083546474576,-0.3492060124874115,0,0.09968750000000007,78.86525,,,,,0.0,,,0.9156938013335267,0.9999996781349182,0.0,52.8,0.35,0.24408354721963404,-0.3492060124874115
grpo_structure_text_classify_qwen3_8b_it_0313_010828,5,0.5312316522002221,1.2264727860689164,0.010000000149011612,0.5230143159627915,-1.7048983111977578,0,0.08937500000000002,74.81550000000001,,,,,0.0,,,1.0159997452162288,0.9999998450279236,0.0,113.725,0.0,0.5007501497864724,-1.7048983111977578
grpo_structure_text_classify_qwen3_8b_it_0313_010828,10,0.54354602470994,1.0868631958961488,0.03500000052154064,0.47393602281808855,-0.8882713139057159,0,0.09593750000000004,79.03025,,,,,0.0,,,0.9411114293993373,0.9999998211860657,0.0,94.425,0.0,0.4518009558320045,-0.8882713139057159
grpo_structure_text_classify_qwen3_8b_it_0313_010828,15,0.5066800937056541,1.0665290892124175,0.0900000013411045,0.4466719821095467,-0.21543350405991077,0,0.09937500000000007,78.77600000000001,,,,,0.0,,,0.9651644890846068,0.9999997854232788,0.0,62.35,0.025,0.4195753365755081,-0.21543350405991077
grpo_structure_text_classify_qwen3_8b_it_0313_010828,20,0.5812733113765717,1.0766961425542831,0.10000000149011612,0.4311522409319878,-0.03369854241609573,0,0.09984375000000008,79.3255,,,,,0.0,,,0.9702480146977692,0.9999996304512024,0.0,54.475,0.05,0.4004123419523239,-0.03369854241609573
grpo_structure_text_classify_qwen3_8b_it_0313_010828,25,0.6617598779499531,1.0156938225030898,0.1824190355837345,0.3310647524893284,-0.0497164748609066,0,0.10000000000000006,80.4795,,,,,0.0,,,0.9499139122451205,0.999999713897705,0.0,51.2,0.175,0.3018104538321495,-0.0497164748609066
grpo_structure_text_classify_qwen3_8b_it_0313_010828,30,0.6414014920592308,1.0461949825286865,0.15137657187879086,0.36040286868810656,-0.004456612654030323,0,0.10000000000000006,80.9355,,,,,0.0,,,0.970248014697769,0.9999997735023498,0.0,50.35,0.4,0.23325811102986335,-0.004456612654030323
grpo_structure_text_classify_qwen3_8b_it_0313_010828,35,0.7342582438141108,0.9948184121400118,0.3060475867241621,0.2839219901710749,0.018649608269333838,0,0.10000000000000006,80.66499999999999,,,,,0.0,,,1.0044681256093633,0.999999749660492,0.0,50.2,0.7,0.13126904666423797,0.018649608269333838
grpo_structure_text_classify_qwen3_8b_it_0313_010828,40,0.7711851641535759,1.0461949825286865,0.5120951719582081,0.22570287697017194,-0.006835218518972397,0,0.10000000000000006,80.89225,,,,,0.0,,,0.9702480146977692,0.9999997735023498,0.0,50.525,0.775,0.11763403043150902,-0.006835218518972397
grpo_structure_text_classify_qwen3_8b_it_0313_010828,45,0.6944343451410532,1.015152518823743,0.3574241571128368,0.294042668864131,-0.0020664721727371217,0,0.10000000000000006,78.75399999999999,,,,,0.0,,,0.9854985915372557,0.999999749660492,0.0,50.05,0.775,0.10456478372216224,-0.0020664721727371217
grpo_structure_text_classify_qwen3_8b_it_0313_010828,50,0.8266582578420639,1.0665290892124175,0.398633674159646,0.2737024277448654,-0.032550626620650294,0,0.10000000000000006,80.48874999999998,,,,,0.0,,,0.9156938013335262,0.9999997854232788,0.0,50.025,0.8,0.09689368233084679,-0.032550626620650294
grpo_structure_text_classify_qwen3_8b_it_0313_010828,55,0.7188046697527171,0.9643172521144152,0.398633674159646,0.2654585536569357,-0.012323153018951417,0,0.10000000000000006,79.72975000000002,,,,,0.0,,,0.9651644890846068,0.9999996423721313,0.0,50.25,0.85,0.07472401559352874,-0.012323153018951417
grpo_structure_text_classify_qwen3_8b_it_0313_010828,60,0.8567475706338883,1.0461949825286865,0.6769332401454449,0.1871222585439682,-0.012106370925903321,0,0.10000000000000006,81.82124999999999,,,,,0.0,,,0.8953596988808774,0.9999996781349182,0.0,50.225,0.975,0.014406435191631317,-0.012106370925903321
grpo_structure_text_classify_qwen3_8b_it_0313_010828,65,0.8267295986413956,1.0156938225030898,0.4296761378645897,0.22804219238460063,-0.01132451519370079,0,0.10000000000000006,82.6545,,,,,0.0,,,0.8750255964282287,0.9999996900558472,0.0,50.475,0.825,0.08244036510586739,-0.01132451519370079
grpo_structure_text_classify_qwen3_8b_it_0313_010828,70,0.7428028658032417,1.0461949825286865,0.4810527082532644,0.2636440578848124,-0.004601723328232765,0,0.10000000000000006,78.93475,,,,,0.0,,,1.0197187024488499,0.9999997854232788,0.0,49.925,0.85,0.06967687085270882,-0.004601723328232765
grpo_structure_text_classify_qwen3_8b_it_0313_010828,75,0.823298665881157,1.056362035870552,0.5533046890050173,0.21175002083182334,-0.021513516455888747,0,0.10000000000000006,80.4275,,,,,0.0,,,0.9106102757203642,0.999999713897705,0.0,50.325,0.825,0.08485608473420143,-0.021513516455888747
grpo_structure_text_classify_qwen3_8b_it_0313_010828,80,0.7599634438753128,1.036027929186821,0.3574241571128368,0.28899661004543303,0.010705794021487237,0,0.10000000000000006,79.30949999999999,,,,,0.0,,,1.0197187024488499,0.999999713897705,0.0,50.475,0.775,0.12612150907516478,0.010705794021487237
grpo_structure_text_classify_qwen3_8b_it_0313_010828,85,0.757938714697957,0.9948184121400118,0.398633674159646,0.262519933283329,0.002949870564043522,0,0.10000000000000006,79.9795,,,,,0.0,,,0.9600809634714448,0.9999996662139893,0.0,49.95,0.85,0.06813252121210098,0.002949870564043522
grpo_structure_text_classify_qwen3_8b_it_0313_010828,90,0.7215288300067186,0.9948184121400118,0.2750051230192184,0.30383045598864555,0.0007485792040824891,0,0.10000000000000006,78.86525,,,,,0.0,,,0.9156938013335264,0.9999996662139893,0.0,50.275,0.725,0.14358429610729218,0.0007485792040824891
